[
 {
  "pk": 9, 
  "model": "contenttypes.contenttype", 
  "fields": {
   "model": "account", 
   "name": "account", 
   "app_label": "transactions"
  }
 }, 
 {
  "pk": 8, 
  "model": "contenttypes.contenttype", 
  "fields": {
   "model": "accounttype", 
   "name": "account type", 
   "app_label": "transactions"
  }
 }, 
 {
  "pk": 16, 
  "model": "contenttypes.contenttype", 
  "fields": {
   "model": "budget", 
   "name": "budget", 
   "app_label": "budget"
  }
 }, 
 {
  "pk": 17, 
  "model": "contenttypes.contenttype", 
  "fields": {
   "model": "budgetitem", 
   "name": "budget item", 
   "app_label": "budget"
  }
 }, 
 {
  "pk": 10, 
  "model": "contenttypes.contenttype", 
  "fields": {
   "model": "category", 
   "name": "category", 
   "app_label": "transactions"
  }
 }, 
 {
  "pk": 5, 
  "model": "contenttypes.contenttype", 
  "fields": {
   "model": "contenttype", 
   "name": "content type", 
   "app_label": "contenttypes"
  }
 }, 
 {
  "pk": 15, 
  "model": "contenttypes.contenttype", 
  "fields": {
   "model": "dateformat", 
   "name": "date format", 
   "app_label": "transimport"
  }
 }, 
 {
  "pk": 2, 
  "model": "contenttypes.contenttype", 
  "fields": {
   "model": "group", 
   "name": "group", 
   "app_label": "auth"
  }
 }, 
 {
  "pk": 14, 
  "model": "contenttypes.contenttype", 
  "fields": {
   "model": "logentry", 
   "name": "log entry", 
   "app_label": "admin"
  }
 }, 
 {
  "pk": 4, 
  "model": "contenttypes.contenttype", 
  "fields": {
   "model": "message", 
   "name": "message", 
   "app_label": "auth"
  }
 }, 
 {
  "pk": 1, 
  "model": "contenttypes.contenttype", 
  "fields": {
   "model": "permission", 
   "name": "permission", 
   "app_label": "auth"
  }
 }, 
 {
  "pk": 6, 
  "model": "contenttypes.contenttype", 
  "fields": {
   "model": "session", 
   "name": "session", 
   "app_label": "sessions"
  }
 }, 
 {
  "pk": 7, 
  "model": "contenttypes.contenttype", 
  "fields": {
   "model": "site", 
   "name": "site", 
   "app_label": "sites"
  }
 }, 
 {
  "pk": 12, 
  "model": "contenttypes.contenttype", 
  "fields": {
   "model": "transimport", 
   "name": "trans import", 
   "app_label": "transimport"
  }
 }, 
 {
  "pk": 13, 
  "model": "contenttypes.contenttype", 
  "fields": {
   "model": "transstaging", 
   "name": "trans staging", 
   "app_label": "transimport"
  }
 }, 
 {
  "pk": 11, 
  "model": "contenttypes.contenttype", 
  "fields": {
   "model": "transaction", 
   "name": "transaction", 
   "app_label": "transactions"
  }
 }, 
 {
  "pk": 3, 
  "model": "contenttypes.contenttype", 
  "fields": {
   "model": "user", 
   "name": "user", 
   "app_label": "auth"
  }
 }, 
 {
  "pk": "25a45ddc47bb3d33a5543ee9f0fc8cf8", 
  "model": "sessions.session", 
  "fields": {
   "expire_date": "2011-09-26 04:22:14", 
   "session_data": "NmY4MjBkMTcxMzI4OTVhOGU5NjNlM2EzY2Y3ZTY0Yjk2YTk3ZDY4YjqAAn1xAShVEl9hdXRoX3Vz\nZXJfYmFja2VuZHECVSlkamFuZ28uY29udHJpYi5hdXRoLmJhY2tlbmRzLk1vZGVsQmFja2VuZHED\nVQ1fYXV0aF91c2VyX2lkcQSKAQF1Lg==\n"
  }
 }, 
 {
  "pk": "6aad5503665ba8a92a91ea00ab39bf5c", 
  "model": "sessions.session", 
  "fields": {
   "expire_date": "2011-09-25 01:05:36", 
   "session_data": "NmY4MjBkMTcxMzI4OTVhOGU5NjNlM2EzY2Y3ZTY0Yjk2YTk3ZDY4YjqAAn1xAShVEl9hdXRoX3Vz\nZXJfYmFja2VuZHECVSlkamFuZ28uY29udHJpYi5hdXRoLmJhY2tlbmRzLk1vZGVsQmFja2VuZHED\nVQ1fYXV0aF91c2VyX2lkcQSKAQF1Lg==\n"
  }
 }, 
 {
  "pk": 1, 
  "model": "sites.site", 
  "fields": {
   "domain": "example.com", 
   "name": "example.com"
  }
 }, 
 {
  "pk": 1, 
  "model": "transactions.accounttype", 
  "fields": {
   "modified_date": "2011-09-10 22:54:22", 
   "created_date": "2011-09-10 22:54:22", 
   "name": "Credit Card", 
   "description": ""
  }
 }, 
 {
  "pk": 2, 
  "model": "transactions.accounttype", 
  "fields": {
   "modified_date": "2011-09-10 22:54:22", 
   "created_date": "2011-09-10 22:54:22", 
   "name": "Mortgage", 
   "description": ""
  }
 }, 
 {
  "pk": 3, 
  "model": "transactions.accounttype", 
  "fields": {
   "modified_date": "2011-09-10 22:54:22", 
   "created_date": "2011-09-10 22:54:22", 
   "name": "Savings", 
   "description": ""
  }
 }, 
 {
  "pk": 4, 
  "model": "transactions.accounttype", 
  "fields": {
   "modified_date": "2011-09-10 22:54:22", 
   "created_date": "2011-09-10 22:54:22", 
   "name": "Transaction", 
   "description": ""
  }
 }, 
 {
  "pk": 1, 
  "model": "transactions.account", 
  "fields": {
   "modified_date": "2011-09-11 00:35:45", 
   "account_type": 1, 
   "name": "Account1", 
   "user": 1, 
   "created_date": "2011-09-10 22:54:39", 
   "balance": "-401.05"
  }
 }, 
 {
  "pk": 2, 
  "model": "transactions.account", 
  "fields": {
   "modified_date": "2011-09-11 02:33:16", 
   "account_type": 1, 
   "name": "yutjutyjtyujtyjudrthjdjtdrjtrejytjtryjrtyjtryjrtyj", 
   "user": 1, 
   "created_date": "2011-09-10 22:55:34", 
   "balance": "-161.05"
  }
 }, 
 {
  "pk": 3, 
  "model": "transactions.account", 
  "fields": {
   "modified_date": "2011-09-11 00:56:46", 
   "account_type": 3, 
   "name": "new import", 
   "user": 1, 
   "created_date": "2011-09-11 00:40:03", 
   "balance": "-190.00"
  }
 }, 
 {
  "pk": 4, 
  "model": "transactions.account", 
  "fields": {
   "modified_date": "2011-09-11 01:59:23", 
   "account_type": 1, 
   "name": "westpac test", 
   "user": 1, 
   "created_date": "2011-09-11 00:41:31", 
   "balance": "50.00"
  }
 }, 
 {
  "pk": 1, 
  "model": "transactions.category", 
  "fields": {
   "modified_date": "2011-09-11 02:26:33", 
   "name": "Cat1", 
   "parent": null, 
   "colour": "2f9ed6", 
   "spent": "0.00", 
   "reportable": true, 
   "user": 1, 
   "created_date": "2011-09-10 22:56:19"
  }
 }, 
 {
  "pk": 2, 
  "model": "transactions.category", 
  "fields": {
   "modified_date": "2011-09-11 02:33:45", 
   "name": "cat2", 
   "parent": 1, 
   "colour": "39cf32", 
   "spent": "0.00", 
   "reportable": true, 
   "user": 1, 
   "created_date": "2011-09-10 22:56:27"
  }
 }, 
 {
  "pk": 3, 
  "model": "transactions.category", 
  "fields": {
   "modified_date": "2011-09-11 02:35:58", 
   "name": "asdsad", 
   "parent": null, 
   "colour": "1d1dcc", 
   "spent": "0.00", 
   "reportable": true, 
   "user": 1, 
   "created_date": "2011-09-11 00:14:12"
  }
 }, 
 {
  "pk": 4, 
  "model": "transactions.category", 
  "fields": {
   "modified_date": "2011-09-11 02:21:08", 
   "name": "asdasd", 
   "parent": null, 
   "colour": "4141c9", 
   "spent": "0.00", 
   "reportable": true, 
   "user": 1, 
   "created_date": "2011-09-11 00:14:18"
  }
 }, 
 {
  "pk": 5, 
  "model": "transactions.category", 
  "fields": {
   "modified_date": "2011-09-11 02:19:49", 
   "name": "test colour", 
   "parent": null, 
   "colour": "b312b3", 
   "spent": "0.00", 
   "reportable": true, 
   "user": 1, 
   "created_date": "2011-09-11 02:19:49"
  }
 }, 
 {
  "pk": 272, 
  "model": "transactions.transaction", 
  "fields": {
   "category": 3, 
   "modified_date": "2011-09-11 01:51:22", 
   "account": 1, 
   "description": "xvxvcv", 
   "split_parent": null, 
   "reportable": true, 
   "amount": "120.00", 
   "user": 1, 
   "created_date": "2011-09-11 01:51:22", 
   "date": "2011-09-14"
  }
 }, 
 {
  "pk": 88, 
  "model": "transactions.transaction", 
  "fields": {
   "category": 5, 
   "modified_date": "2011-09-11 00:40:12", 
   "account": 3, 
   "description": "INTERNET TRANSFER Pressie funds Gabriel", 
   "split_parent": null, 
   "reportable": true, 
   "amount": "25.00", 
   "user": 1, 
   "created_date": "2011-09-11 00:40:12", 
   "date": "2011-07-22"
  }
 }, 
 {
  "pk": 87, 
  "model": "transactions.transaction", 
  "fields": {
   "category": 5, 
   "modified_date": "2011-09-11 00:40:12", 
   "account": 3, 
   "description": "INTERNET TRANSFER For cash Paul VdV", 
   "split_parent": null, 
   "reportable": true, 
   "amount": "-120.00", 
   "user": 1, 
   "created_date": "2011-09-11 00:40:12", 
   "date": "2011-07-25"
  }
 }, 
 {
  "pk": 86, 
  "model": "transactions.transaction", 
  "fields": {
   "category": 5, 
   "modified_date": "2011-09-11 00:40:12", 
   "account": 3, 
   "description": "INTERNET TRANSFER for cash paul vdv", 
   "split_parent": null, 
   "reportable": true, 
   "amount": "-120.00", 
   "user": 1, 
   "created_date": "2011-09-11 00:40:12", 
   "date": "2011-09-08"
  }
 }, 
 {
  "pk": 85, 
  "model": "transactions.transaction", 
  "fields": {
   "category": 1, 
   "modified_date": "2011-09-11 00:40:12", 
   "account": 3, 
   "description": "INTERNET BPAY AAMI INSURANCE 10229040664", 
   "split_parent": null, 
   "reportable": true, 
   "amount": "-855.79", 
   "user": 1, 
   "created_date": "2011-09-11 00:40:12", 
   "date": "2011-09-02"
  }
 }, 
 {
  "pk": 84, 
  "model": "transactions.transaction", 
  "fields": {
   "category": 1, 
   "modified_date": "2011-09-11 00:40:12", 
   "account": 3, 
   "description": "FATHERS DAY MR TRISTAN VAN D PAUL VAN DE VREE", 
   "split_parent": null, 
   "reportable": true, 
   "amount": "52.00", 
   "user": 1, 
   "created_date": "2011-09-11 00:40:12", 
   "date": "2011-09-05"
  }
 }, 
 {
  "pk": 83, 
  "model": "transactions.transaction", 
  "fields": {
   "category": 1, 
   "modified_date": "2011-09-11 00:40:12", 
   "account": 3, 
   "description": "INTERNET TRANSFER For cash Paul VdV", 
   "split_parent": null, 
   "reportable": true, 
   "amount": "-120.00", 
   "user": 1, 
   "created_date": "2011-09-11 00:40:12", 
   "date": "2011-09-02"
  }
 }, 
 {
  "pk": 82, 
  "model": "transactions.transaction", 
  "fields": {
   "category": 2, 
   "modified_date": "2011-09-11 00:40:12", 
   "account": 3, 
   "description": "INTERNET BPAY BUPA AUST HEALTH 54680780", 
   "split_parent": null, 
   "reportable": true, 
   "amount": "-217.10", 
   "user": 1, 
   "created_date": "2011-09-11 00:40:12", 
   "date": "2011-08-31"
  }
 }, 
 {
  "pk": 81, 
  "model": "transactions.transaction", 
  "fields": {
   "category": 1, 
   "modified_date": "2011-09-11 00:40:12", 
   "account": 3, 
   "description": "INTERNET TRANSFER RACV Reimbursement", 
   "split_parent": null, 
   "reportable": true, 
   "amount": "-121.55", 
   "user": 1, 
   "created_date": "2011-09-11 00:40:12", 
   "date": "2011-08-31"
  }
 }, 
 {
  "pk": 80, 
  "model": "transactions.transaction", 
  "fields": {
   "category": 1, 
   "modified_date": "2011-09-11 00:40:12", 
   "account": 3, 
   "description": "CUST-79613 EXETEL PAUL VAN DE VREE", 
   "split_parent": null, 
   "reportable": true, 
   "amount": "-60.00", 
   "user": 1, 
   "created_date": "2011-09-11 00:40:12", 
   "date": "2011-08-29"
  }
 }, 
 {
  "pk": 79, 
  "model": "transactions.transaction", 
  "fields": {
   "category": 1, 
   "modified_date": "2011-09-11 00:40:12", 
   "account": 3, 
   "description": "2000216716124 Telstra DDebit Vreede. Paul Van", 
   "split_parent": null, 
   "reportable": true, 
   "amount": "-44.00", 
   "user": 1, 
   "created_date": "2011-09-11 00:40:12", 
   "date": "2011-08-29"
  }
 }, 
 {
  "pk": 78, 
  "model": "transactions.transaction", 
  "fields": {
   "category": 2, 
   "modified_date": "2011-09-11 00:40:12", 
   "account": 3, 
   "description": "INTERNET TRANSFER For cash Paul VdV", 
   "split_parent": null, 
   "reportable": true, 
   "amount": "-120.00", 
   "user": 1, 
   "created_date": "2011-09-11 00:40:12", 
   "date": "2011-08-26"
  }
 }, 
 {
  "pk": 59, 
  "model": "transactions.transaction", 
  "fields": {
   "category": 2, 
   "modified_date": "2011-09-11 00:40:12", 
   "account": 3, 
   "description": "2000216716124 Telstra DDebit Vreede. Paul Van", 
   "split_parent": null, 
   "reportable": true, 
   "amount": "-61.06", 
   "user": 1, 
   "created_date": "2011-09-11 00:40:12", 
   "date": "2011-07-27"
  }
 }, 
 {
  "pk": 58, 
  "model": "transactions.transaction", 
  "fields": {
   "category": 2, 
   "modified_date": "2011-09-11 00:40:12", 
   "account": 3, 
   "description": "INTERNET BPAY Yarra Valley Water 2 08610802234", 
   "split_parent": null, 
   "reportable": true, 
   "amount": "-248.60", 
   "user": 1, 
   "created_date": "2011-09-11 00:40:12", 
   "date": "2011-07-26"
  }
 }, 
 {
  "pk": 60, 
  "model": "transactions.transaction", 
  "fields": {
   "category": 2, 
   "modified_date": "2011-09-11 00:40:12", 
   "account": 3, 
   "description": "SARAH K-J FOR DUMO MISS SARAH KEBLE PAUL VAN DE VREE", 
   "split_parent": null, 
   "reportable": true, 
   "amount": "30.00", 
   "user": 1, 
   "created_date": "2011-09-11 00:40:12", 
   "date": "2011-07-28"
  }
 }, 
 {
  "pk": 65, 
  "model": "transactions.transaction", 
  "fields": {
   "category": 2, 
   "modified_date": "2011-09-11 00:40:12", 
   "account": 3, 
   "description": "C J TURNER BENDIGO BANK PAUL VAN DE VREE", 
   "split_parent": null, 
   "reportable": true, 
   "amount": "30.00", 
   "user": 1, 
   "created_date": "2011-09-11 00:40:12", 
   "date": "2011-08-04"
  }
 }, 
 {
  "pk": 67, 
  "model": "transactions.transaction", 
  "fields": {
   "category": 2, 
   "modified_date": "2011-09-11 00:40:12", 
   "account": 3, 
   "description": "INTERNET TRANSFER for cash paul vdv", 
   "split_parent": null, 
   "reportable": true, 
   "amount": "-80.00", 
   "user": 1, 
   "created_date": "2011-09-11 00:40:12", 
   "date": "2011-08-05"
  }
 }, 
 {
  "pk": 73, 
  "model": "transactions.transaction", 
  "fields": {
   "category": null, 
   "modified_date": "2011-09-11 00:40:12", 
   "account": 3, 
   "description": "INTERNET BPAY Ignite by Westpac 5163190008626765", 
   "split_parent": null, 
   "reportable": true, 
   "amount": "-435.00", 
   "user": 1, 
   "created_date": "2011-09-11 00:40:12", 
   "date": "2011-08-16"
  }
 }, 
 {
  "pk": 74, 
  "model": "transactions.transaction", 
  "fields": {
   "category": null, 
   "modified_date": "2011-09-11 00:40:12", 
   "account": 3, 
   "description": "INTERNET BPAY AMERICAN EXPRESS 376064037922004", 
   "split_parent": null, 
   "reportable": true, 
   "amount": "-1010.00", 
   "user": 1, 
   "created_date": "2011-09-11 00:40:12", 
   "date": "2011-08-16"
  }
 }, 
 {
  "pk": 75, 
  "model": "transactions.transaction", 
  "fields": {
   "category": null, 
   "modified_date": "2011-09-11 00:40:12", 
   "account": 3, 
   "description": "INTERNET TRANSFER Mortgage Payment Paul VdV", 
   "split_parent": null, 
   "reportable": true, 
   "amount": "-1800.00", 
   "user": 1, 
   "created_date": "2011-09-11 00:40:12", 
   "date": "2011-08-16"
  }
 }, 
 {
  "pk": 76, 
  "model": "transactions.transaction", 
  "fields": {
   "category": null, 
   "modified_date": "2011-09-11 00:40:12", 
   "account": 3, 
   "description": "INTERNET BPAY Simply Energy 0030159263", 
   "split_parent": null, 
   "reportable": true, 
   "amount": "-301.58", 
   "user": 1, 
   "created_date": "2011-09-11 00:40:12", 
   "date": "2011-08-22"
  }
 }, 
 {
  "pk": 77, 
  "model": "transactions.transaction", 
  "fields": {
   "category": null, 
   "modified_date": "2011-09-11 00:40:12", 
   "account": 3, 
   "description": "INTERNET TRANSFER For cash Paul VdV", 
   "split_parent": null, 
   "reportable": true, 
   "amount": "-100.00", 
   "user": 1, 
   "created_date": "2011-09-11 00:40:12", 
   "date": "2011-08-19"
  }
 }, 
 {
  "pk": 72, 
  "model": "transactions.transaction", 
  "fields": {
   "category": null, 
   "modified_date": "2011-09-11 00:40:12", 
   "account": 3, 
   "description": "INTERNET TRANSFER for cash paul vdv", 
   "split_parent": null, 
   "reportable": true, 
   "amount": "-120.00", 
   "user": 1, 
   "created_date": "2011-09-11 00:40:12", 
   "date": "2011-08-15"
  }
 }, 
 {
  "pk": 71, 
  "model": "transactions.transaction", 
  "fields": {
   "category": null, 
   "modified_date": "2011-09-11 00:40:12", 
   "account": 3, 
   "description": "INTERNET BPAY Simply Energy 0030159271", 
   "split_parent": null, 
   "reportable": true, 
   "amount": "-49.37", 
   "user": 1, 
   "created_date": "2011-09-11 00:40:12", 
   "date": "2011-08-15"
  }
 }, 
 {
  "pk": 70, 
  "model": "transactions.transaction", 
  "fields": {
   "category": null, 
   "modified_date": "2011-09-11 00:40:12", 
   "account": 3, 
   "description": "ADSP43291 033184 EXEGO PTY LTD VAN DEVREEDE P", 
   "split_parent": null, 
   "reportable": true, 
   "amount": "5341.34", 
   "user": 1, 
   "created_date": "2011-09-11 00:40:12", 
   "date": "2011-08-12"
  }
 }, 
 {
  "pk": 69, 
  "model": "transactions.transaction", 
  "fields": {
   "category": null, 
   "modified_date": "2011-09-11 00:40:12", 
   "account": 3, 
   "description": "INTERNET TRANSFER for cash paul vdv", 
   "split_parent": null, 
   "reportable": true, 
   "amount": "-80.00", 
   "user": 1, 
   "created_date": "2011-09-11 00:40:12", 
   "date": "2011-08-12"
  }
 }, 
 {
  "pk": 68, 
  "model": "transactions.transaction", 
  "fields": {
   "category": null, 
   "modified_date": "2011-09-11 00:40:12", 
   "account": 3, 
   "description": "MAR11/00817969 LEI OFFER MR PAUL VAN DE V", 
   "split_parent": null, 
   "reportable": true, 
   "amount": "18.60", 
   "user": 1, 
   "created_date": "2011-09-11 00:40:12", 
   "date": "2011-08-09"
  }
 }, 
 {
  "pk": 66, 
  "model": "transactions.transaction", 
  "fields": {
   "category": null, 
   "modified_date": "2011-09-11 00:40:12", 
   "account": 3, 
   "description": "JOHNS PRESENT MR TRISTAN VAN D PAUL VAN DE VREE", 
   "split_parent": null, 
   "reportable": true, 
   "amount": "30.00", 
   "user": 1, 
   "created_date": "2011-09-11 00:40:12", 
   "date": "2011-08-05"
  }
 }, 
 {
  "pk": 64, 
  "model": "transactions.transaction", 
  "fields": {
   "category": null, 
   "modified_date": "2011-09-11 00:40:12", 
   "account": 3, 
   "description": "INTERNET TRANSFER for cash paul vdv", 
   "split_parent": null, 
   "reportable": true, 
   "amount": "-80.00", 
   "user": 1, 
   "created_date": "2011-09-11 00:40:12", 
   "date": "2011-07-29"
  }
 }, 
 {
  "pk": 63, 
  "model": "transactions.transaction", 
  "fields": {
   "category": null, 
   "modified_date": "2011-09-11 00:40:12", 
   "account": 3, 
   "description": "Gavin K GAVIN KUNG Paul Van de Vree", 
   "split_parent": null, 
   "reportable": true, 
   "amount": "30.00", 
   "user": 1, 
   "created_date": "2011-09-11 00:40:12", 
   "date": "2011-07-29"
  }
 }, 
 {
  "pk": 62, 
  "model": "transactions.transaction", 
  "fields": {
   "category": null, 
   "modified_date": "2011-09-11 00:40:12", 
   "account": 3, 
   "description": "CUST-79613 EXETEL PAUL VAN DE VREE", 
   "split_parent": null, 
   "reportable": true, 
   "amount": "-60.00", 
   "user": 1, 
   "created_date": "2011-09-11 00:40:12", 
   "date": "2011-07-28"
  }
 }, 
 {
  "pk": 61, 
  "model": "transactions.transaction", 
  "fields": {
   "category": null, 
   "modified_date": "2011-09-11 00:40:12", 
   "account": 3, 
   "description": "Breidi 0866400 ING DIRECT Paul Van de Vre", 
   "split_parent": null, 
   "reportable": true, 
   "amount": "30.00", 
   "user": 1, 
   "created_date": "2011-09-11 00:40:12", 
   "date": "2011-07-28"
  }
 }, 
 {
  "pk": 57, 
  "model": "transactions.transaction", 
  "fields": {
   "category": null, 
   "modified_date": "2011-09-11 00:40:12", 
   "account": 3, 
   "description": "INTERNET TRANSFER For breidi present", 
   "split_parent": null, 
   "reportable": true, 
   "amount": "-30.00", 
   "user": 1, 
   "created_date": "2011-09-11 00:40:12", 
   "date": "2011-07-26"
  }
 }, 
 {
  "pk": 90, 
  "model": "transactions.transaction", 
  "fields": {
   "category": null, 
   "modified_date": "2011-09-11 00:40:12", 
   "account": 3, 
   "description": "INTERNET TRANSFER Mortgage Payment Paul VdV", 
   "split_parent": null, 
   "reportable": true, 
   "amount": "-1800.00", 
   "user": 1, 
   "created_date": "2011-09-11 00:40:12", 
   "date": "2011-07-18"
  }
 }, 
 {
  "pk": 91, 
  "model": "transactions.transaction", 
  "fields": {
   "category": null, 
   "modified_date": "2011-09-11 00:40:12", 
   "account": 3, 
   "description": "INTERNET BPAY AMERICAN EXPRESS 376064037922004", 
   "split_parent": null, 
   "reportable": true, 
   "amount": "-1150.00", 
   "user": 1, 
   "created_date": "2011-09-11 00:40:12", 
   "date": "2011-07-18"
  }
 }, 
 {
  "pk": 92, 
  "model": "transactions.transaction", 
  "fields": {
   "category": null, 
   "modified_date": "2011-09-11 00:40:12", 
   "account": 3, 
   "description": "INTERNET BPAY Ignite by Westpac 5163190008626765", 
   "split_parent": null, 
   "reportable": true, 
   "amount": "-385.00", 
   "user": 1, 
   "created_date": "2011-09-11 00:40:12", 
   "date": "2011-07-18"
  }
 }, 
 {
  "pk": 93, 
  "model": "transactions.transaction", 
  "fields": {
   "category": null, 
   "modified_date": "2011-09-11 00:40:12", 
   "account": 3, 
   "description": "INTERNET TRANSFER For Dumo present Paul VDV", 
   "split_parent": null, 
   "reportable": true, 
   "amount": "-280.00", 
   "user": 1, 
   "created_date": "2011-09-11 00:40:12", 
   "date": "2011-07-18"
  }
 }, 
 {
  "pk": 94, 
  "model": "transactions.transaction", 
  "fields": {
   "category": null, 
   "modified_date": "2011-09-11 00:40:12", 
   "account": 3, 
   "description": "ADSP43291 033184 EXEGO PTY LTD VAN DEVREEDE P", 
   "split_parent": null, 
   "reportable": true, 
   "amount": "5341.34", 
   "user": 1, 
   "created_date": "2011-09-11 00:40:12", 
   "date": "2011-07-14"
  }
 }, 
 {
  "pk": 95, 
  "model": "transactions.transaction", 
  "fields": {
   "category": null, 
   "modified_date": "2011-09-11 00:40:12", 
   "account": 3, 
   "description": "INTERNET TRANSFER for cash paul vdv", 
   "split_parent": null, 
   "reportable": true, 
   "amount": "-60.00", 
   "user": 1, 
   "created_date": "2011-09-11 00:40:12", 
   "date": "2011-07-13"
  }
 }, 
 {
  "pk": 96, 
  "model": "transactions.transaction", 
  "fields": {
   "category": null, 
   "modified_date": "2011-09-11 00:40:12", 
   "account": 3, 
   "description": "INTERNET TRANSFER for cash paul vdv", 
   "split_parent": null, 
   "reportable": true, 
   "amount": "-80.00", 
   "user": 1, 
   "created_date": "2011-09-11 00:40:12", 
   "date": "2011-07-11"
  }
 }, 
 {
  "pk": 97, 
  "model": "transactions.transaction", 
  "fields": {
   "category": null, 
   "modified_date": "2011-09-11 00:40:12", 
   "account": 3, 
   "description": "INTERNET TRANSFER For cash Paul VdV", 
   "split_parent": null, 
   "reportable": true, 
   "amount": "-120.00", 
   "user": 1, 
   "created_date": "2011-09-11 00:40:12", 
   "date": "2011-07-08"
  }
 }, 
 {
  "pk": 98, 
  "model": "transactions.transaction", 
  "fields": {
   "category": null, 
   "modified_date": "2011-09-11 00:40:12", 
   "account": 3, 
   "description": "INTERNET TRANSFER for cash paul vdv", 
   "split_parent": null, 
   "reportable": true, 
   "amount": "-60.00", 
   "user": 1, 
   "created_date": "2011-09-11 00:40:12", 
   "date": "2011-07-04"
  }
 }, 
 {
  "pk": 99, 
  "model": "transactions.transaction", 
  "fields": {
   "category": null, 
   "modified_date": "2011-09-11 00:40:12", 
   "account": 3, 
   "description": "INTERNET TRANSFER for cash paul vdv", 
   "split_parent": null, 
   "reportable": true, 
   "amount": "-100.00", 
   "user": 1, 
   "created_date": "2011-09-11 00:40:12", 
   "date": "2011-06-29"
  }
 }, 
 {
  "pk": 100, 
  "model": "transactions.transaction", 
  "fields": {
   "category": null, 
   "modified_date": "2011-09-11 00:40:12", 
   "account": 3, 
   "description": "CUST-79613 EXETEL PAUL VAN DE VREE", 
   "split_parent": null, 
   "reportable": true, 
   "amount": "-60.00", 
   "user": 1, 
   "created_date": "2011-09-11 00:40:12", 
   "date": "2011-06-28"
  }
 }, 
 {
  "pk": 101, 
  "model": "transactions.transaction", 
  "fields": {
   "category": null, 
   "modified_date": "2011-09-11 00:40:12", 
   "account": 3, 
   "description": "2000216716124 Telstra DDebit Vreede. Paul Van", 
   "split_parent": null, 
   "reportable": true, 
   "amount": "-44.00", 
   "user": 1, 
   "created_date": "2011-09-11 00:40:12", 
   "date": "2011-06-28"
  }
 }, 
 {
  "pk": 102, 
  "model": "transactions.transaction", 
  "fields": {
   "category": null, 
   "modified_date": "2011-09-11 00:40:12", 
   "account": 3, 
   "description": "INTERNET BPAY AMERICAN EXPRESS 376064037922004", 
   "split_parent": null, 
   "reportable": true, 
   "amount": "-650.00", 
   "user": 1, 
   "created_date": "2011-09-11 00:40:12", 
   "date": "2011-06-27"
  }
 }, 
 {
  "pk": 103, 
  "model": "transactions.transaction", 
  "fields": {
   "category": null, 
   "modified_date": "2011-09-11 00:40:12", 
   "account": 3, 
   "description": "Repco Limited PAUL VAN DE VREE", 
   "split_parent": null, 
   "reportable": true, 
   "amount": "605.98", 
   "user": 1, 
   "created_date": "2011-09-11 00:40:12", 
   "date": "2011-06-23"
  }
 }, 
 {
  "pk": 104, 
  "model": "transactions.transaction", 
  "fields": {
   "category": null, 
   "modified_date": "2011-09-11 00:40:12", 
   "account": 3, 
   "description": "INTERNET BPAY AMERICAN EXPRESS 376064037922004", 
   "split_parent": null, 
   "reportable": true, 
   "amount": "-600.00", 
   "user": 1, 
   "created_date": "2011-09-11 00:40:12", 
   "date": "2011-06-21"
  }
 }, 
 {
  "pk": 105, 
  "model": "transactions.transaction", 
  "fields": {
   "category": null, 
   "modified_date": "2011-09-11 00:40:12", 
   "account": 3, 
   "description": "INTERNET TRANSFER for cash paul vdv", 
   "split_parent": null, 
   "reportable": true, 
   "amount": "-80.00", 
   "user": 1, 
   "created_date": "2011-09-11 00:40:12", 
   "date": "2011-06-21"
  }
 }, 
 {
  "pk": 106, 
  "model": "transactions.transaction", 
  "fields": {
   "category": null, 
   "modified_date": "2011-09-11 00:40:12", 
   "account": 3, 
   "description": "INTERNET BPAY Simply Energy 0030159271", 
   "split_parent": null, 
   "reportable": true, 
   "amount": "-43.81", 
   "user": 1, 
   "created_date": "2011-09-11 00:40:12", 
   "date": "2011-06-21"
  }
 }, 
 {
  "pk": 107, 
  "model": "transactions.transaction", 
  "fields": {
   "category": null, 
   "modified_date": "2011-09-11 00:40:12", 
   "account": 3, 
   "description": "INTERNET TRANSFER For cash Paul VdV", 
   "split_parent": null, 
   "reportable": true, 
   "amount": "-80.00", 
   "user": 1, 
   "created_date": "2011-09-11 00:40:12", 
   "date": "2011-06-20"
  }
 }, 
 {
  "pk": 108, 
  "model": "transactions.transaction", 
  "fields": {
   "category": null, 
   "modified_date": "2011-09-11 00:40:12", 
   "account": 3, 
   "description": "INTERNET TRANSFER SKJ Present", 
   "split_parent": null, 
   "reportable": true, 
   "amount": "-30.00", 
   "user": 1, 
   "created_date": "2011-09-11 00:40:12", 
   "date": "2011-06-20"
  }
 }, 
 {
  "pk": 109, 
  "model": "transactions.transaction", 
  "fields": {
   "category": null, 
   "modified_date": "2011-09-11 00:40:12", 
   "account": 3, 
   "description": "INTERNET TRANSFER for cash paul vdv", 
   "split_parent": null, 
   "reportable": true, 
   "amount": "-20.00", 
   "user": 1, 
   "created_date": "2011-09-11 00:40:12", 
   "date": "2011-06-17"
  }
 }, 
 {
  "pk": 110, 
  "model": "transactions.transaction", 
  "fields": {
   "category": null, 
   "modified_date": "2011-09-11 00:40:12", 
   "account": 3, 
   "description": "INTERNET TRANSFER Mortgage Payment Paul VdV", 
   "split_parent": null, 
   "reportable": true, 
   "amount": "-1800.00", 
   "user": 1, 
   "created_date": "2011-09-11 00:40:12", 
   "date": "2011-06-16"
  }
 }, 
 {
  "pk": 111, 
  "model": "transactions.transaction", 
  "fields": {
   "category": null, 
   "modified_date": "2011-09-11 00:40:12", 
   "account": 3, 
   "description": "INTERNET BPAY Ignite by Westpac 5163190008626765", 
   "split_parent": null, 
   "reportable": true, 
   "amount": "-328.00", 
   "user": 1, 
   "created_date": "2011-09-11 00:40:12", 
   "date": "2011-06-16"
  }
 }, 
 {
  "pk": 112, 
  "model": "transactions.transaction", 
  "fields": {
   "category": null, 
   "modified_date": "2011-09-11 00:40:12", 
   "account": 3, 
   "description": "ADSP43291 033184 EXEGO PTY LTD VAN DEVREEDE P", 
   "split_parent": null, 
   "reportable": true, 
   "amount": "5358.34", 
   "user": 1, 
   "created_date": "2011-09-11 00:40:12", 
   "date": "2011-06-14"
  }
 }, 
 {
  "pk": 113, 
  "model": "transactions.transaction", 
  "fields": {
   "category": null, 
   "modified_date": "2011-09-11 00:40:12", 
   "account": 3, 
   "description": "INTERNET TRANSFER For dinner-interes", 
   "split_parent": null, 
   "reportable": true, 
   "amount": "-15.00", 
   "user": 1, 
   "created_date": "2011-09-11 00:40:12", 
   "date": "2011-06-13"
  }
 }, 
 {
  "pk": 114, 
  "model": "transactions.transaction", 
  "fields": {
   "category": null, 
   "modified_date": "2011-09-11 00:40:12", 
   "account": 3, 
   "description": "INTERNET BPAY AMERICAN EXPRESS 376064037922004", 
   "split_parent": null, 
   "reportable": true, 
   "amount": "-500.00", 
   "user": 1, 
   "created_date": "2011-09-11 00:40:12", 
   "date": "2011-06-08"
  }
 }, 
 {
  "pk": 115, 
  "model": "transactions.transaction", 
  "fields": {
   "category": null, 
   "modified_date": "2011-09-11 00:40:12", 
   "account": 3, 
   "description": "INTERNET TRANSFER for cash paul vdv", 
   "split_parent": null, 
   "reportable": true, 
   "amount": "-180.00", 
   "user": 1, 
   "created_date": "2011-09-11 00:40:12", 
   "date": "2011-06-06"
  }
 }, 
 {
  "pk": 116, 
  "model": "transactions.transaction", 
  "fields": {
   "category": null, 
   "modified_date": "2011-09-11 00:40:12", 
   "account": 3, 
   "description": "INTERNET TRANSFER For cash Paul VdV", 
   "split_parent": null, 
   "reportable": true, 
   "amount": "-150.00", 
   "user": 1, 
   "created_date": "2011-09-11 00:40:12", 
   "date": "2011-06-06"
  }
 }, 
 {
  "pk": 117, 
  "model": "transactions.transaction", 
  "fields": {
   "category": null, 
   "modified_date": "2011-09-11 00:40:12", 
   "account": 3, 
   "description": "INTERNET BPAY BUPA AUST HEALTH 54680780", 
   "split_parent": null, 
   "reportable": true, 
   "amount": "-217.10", 
   "user": 1, 
   "created_date": "2011-09-11 00:40:12", 
   "date": "2011-05-31"
  }
 }, 
 {
  "pk": 118, 
  "model": "transactions.transaction", 
  "fields": {
   "category": null, 
   "modified_date": "2011-09-11 00:40:12", 
   "account": 3, 
   "description": "INTERNET TRANSFER Rate Reimbursement", 
   "split_parent": null, 
   "reportable": true, 
   "amount": "-129.00", 
   "user": 1, 
   "created_date": "2011-09-11 00:40:12", 
   "date": "2011-05-30"
  }
 }, 
 {
  "pk": 119, 
  "model": "transactions.transaction", 
  "fields": {
   "category": null, 
   "modified_date": "2011-09-11 00:40:12", 
   "account": 3, 
   "description": "CUST-79613 EXETEL PAUL VAN DE VREE", 
   "split_parent": null, 
   "reportable": true, 
   "amount": "-60.00", 
   "user": 1, 
   "created_date": "2011-09-11 00:40:12", 
   "date": "2011-05-30"
  }
 }, 
 {
  "pk": 120, 
  "model": "transactions.transaction", 
  "fields": {
   "category": null, 
   "modified_date": "2011-09-11 00:40:12", 
   "account": 3, 
   "description": "INTERNET TRANSFER For cash Paul VdV", 
   "split_parent": null, 
   "reportable": true, 
   "amount": "-60.00", 
   "user": 1, 
   "created_date": "2011-09-11 00:40:12", 
   "date": "2011-05-30"
  }
 }, 
 {
  "pk": 121, 
  "model": "transactions.transaction", 
  "fields": {
   "category": null, 
   "modified_date": "2011-09-11 00:40:12", 
   "account": 3, 
   "description": "INTERNET TRANSFER For drinks nibbles Paul VdV", 
   "split_parent": null, 
   "reportable": true, 
   "amount": "-50.00", 
   "user": 1, 
   "created_date": "2011-09-11 00:40:12", 
   "date": "2011-05-30"
  }
 }, 
 {
  "pk": 122, 
  "model": "transactions.transaction", 
  "fields": {
   "category": null, 
   "modified_date": "2011-09-11 00:40:12", 
   "account": 3, 
   "description": "INTERNET TRANSFER For Pole tickets", 
   "split_parent": null, 
   "reportable": true, 
   "amount": "-35.00", 
   "user": 1, 
   "created_date": "2011-09-11 00:40:12", 
   "date": "2011-05-30"
  }
 }, 
 {
  "pk": 123, 
  "model": "transactions.transaction", 
  "fields": {
   "category": null, 
   "modified_date": "2011-09-11 00:40:12", 
   "account": 3, 
   "description": "INTERNET TRANSFER for cash paul vdv", 
   "split_parent": null, 
   "reportable": true, 
   "amount": "-100.00", 
   "user": 1, 
   "created_date": "2011-09-11 00:40:12", 
   "date": "2011-05-27"
  }
 }, 
 {
  "pk": 124, 
  "model": "transactions.transaction", 
  "fields": {
   "category": null, 
   "modified_date": "2011-09-11 00:40:12", 
   "account": 3, 
   "description": "2000216716124 Telstra DDebit Vreede. Paul Van", 
   "split_parent": null, 
   "reportable": true, 
   "amount": "-44.00", 
   "user": 1, 
   "created_date": "2011-09-11 00:40:12", 
   "date": "2011-05-27"
  }
 }, 
 {
  "pk": 125, 
  "model": "transactions.transaction", 
  "fields": {
   "category": null, 
   "modified_date": "2011-09-11 00:40:12", 
   "account": 3, 
   "description": "INTERNET BPAY Simply Energy 0030159263", 
   "split_parent": null, 
   "reportable": true, 
   "amount": "-302.10", 
   "user": 1, 
   "created_date": "2011-09-11 00:40:12", 
   "date": "2011-05-26"
  }
 }, 
 {
  "pk": 126, 
  "model": "transactions.transaction", 
  "fields": {
   "category": null, 
   "modified_date": "2011-09-11 00:40:12", 
   "account": 3, 
   "description": "110510-191-222 REGADGET Paul Van de Vree", 
   "split_parent": null, 
   "reportable": true, 
   "amount": "505.26", 
   "user": 1, 
   "created_date": "2011-09-11 00:40:12", 
   "date": "2011-05-20"
  }
 }, 
 {
  "pk": 127, 
  "model": "transactions.transaction", 
  "fields": {
   "category": null, 
   "modified_date": "2011-09-11 00:40:12", 
   "account": 3, 
   "description": "INTERNET TRANSFER Mortgage Payment Paul VdV", 
   "split_parent": null, 
   "reportable": true, 
   "amount": "-1800.00", 
   "user": 1, 
   "created_date": "2011-09-11 00:40:12", 
   "date": "2011-05-16"
  }
 }, 
 {
  "pk": 128, 
  "model": "transactions.transaction", 
  "fields": {
   "category": null, 
   "modified_date": "2011-09-11 00:40:12", 
   "account": 3, 
   "description": "INTERNET BPAY Ignite by Westpac 5163190008626765", 
   "split_parent": null, 
   "reportable": true, 
   "amount": "-1350.00", 
   "user": 1, 
   "created_date": "2011-09-11 00:40:12", 
   "date": "2011-05-16"
  }
 }, 
 {
  "pk": 129, 
  "model": "transactions.transaction", 
  "fields": {
   "category": null, 
   "modified_date": "2011-09-11 00:40:12", 
   "account": 3, 
   "description": "INTERNET BPAY AMERICAN EXPRESS 376064037922004", 
   "split_parent": null, 
   "reportable": true, 
   "amount": "-1300.00", 
   "user": 1, 
   "created_date": "2011-09-11 00:40:12", 
   "date": "2011-05-16"
  }
 }, 
 {
  "pk": 130, 
  "model": "transactions.transaction", 
  "fields": {
   "category": null, 
   "modified_date": "2011-09-11 00:40:12", 
   "account": 3, 
   "description": "INTERNET TRANSFER For cash Paul VdV", 
   "split_parent": null, 
   "reportable": true, 
   "amount": "-100.00", 
   "user": 1, 
   "created_date": "2011-09-11 00:40:12", 
   "date": "2011-05-13"
  }
 }, 
 {
  "pk": 131, 
  "model": "transactions.transaction", 
  "fields": {
   "category": null, 
   "modified_date": "2011-09-11 00:40:12", 
   "account": 3, 
   "description": "SUPER DOMAINS FEE MRS MELITA VAN D P VAN DE VREEDE", 
   "split_parent": null, 
   "reportable": true, 
   "amount": "15.00", 
   "user": 1, 
   "created_date": "2011-09-11 00:40:12", 
   "date": "2011-05-12"
  }
 }, 
 {
  "pk": 132, 
  "model": "transactions.transaction", 
  "fields": {
   "category": null, 
   "modified_date": "2011-09-11 00:40:12", 
   "account": 3, 
   "description": "ADSP43291 033184 EXEGO PTY LTD VAN DEVREEDE P", 
   "split_parent": null, 
   "reportable": true, 
   "amount": "5358.34", 
   "user": 1, 
   "created_date": "2011-09-11 00:40:12", 
   "date": "2011-05-12"
  }
 }, 
 {
  "pk": 133, 
  "model": "transactions.transaction", 
  "fields": {
   "category": null, 
   "modified_date": "2011-09-11 00:40:12", 
   "account": 3, 
   "description": "INTERNET TRANSFER For cash Paul VdV", 
   "split_parent": null, 
   "reportable": true, 
   "amount": "-15.00", 
   "user": 1, 
   "created_date": "2011-09-11 00:40:12", 
   "date": "2011-05-10"
  }
 }, 
 {
  "pk": 134, 
  "model": "transactions.transaction", 
  "fields": {
   "category": null, 
   "modified_date": "2011-09-11 00:40:12", 
   "account": 3, 
   "description": "INTERNET TRANSFER for cash paul vdv", 
   "split_parent": null, 
   "reportable": true, 
   "amount": "-80.00", 
   "user": 1, 
   "created_date": "2011-09-11 00:40:12", 
   "date": "2011-05-09"
  }
 }, 
 {
  "pk": 135, 
  "model": "transactions.transaction", 
  "fields": {
   "category": null, 
   "modified_date": "2011-09-11 00:40:12", 
   "account": 3, 
   "description": "INTERNET TRANSFER for cash paul vdv", 
   "split_parent": null, 
   "reportable": true, 
   "amount": "-60.00", 
   "user": 1, 
   "created_date": "2011-09-11 00:40:12", 
   "date": "2011-05-09"
  }
 }, 
 {
  "pk": 136, 
  "model": "transactions.transaction", 
  "fields": {
   "category": null, 
   "modified_date": "2011-09-11 00:40:12", 
   "account": 3, 
   "description": "INTERNET TRANSFER for cash paul vdv", 
   "split_parent": null, 
   "reportable": true, 
   "amount": "-80.00", 
   "user": 1, 
   "created_date": "2011-09-11 00:40:12", 
   "date": "2011-05-05"
  }
 }, 
 {
  "pk": 137, 
  "model": "transactions.transaction", 
  "fields": {
   "category": null, 
   "modified_date": "2011-09-11 00:40:12", 
   "account": 3, 
   "description": "INTERNET BPAY AAMI INSURANCE 20192550134", 
   "split_parent": null, 
   "reportable": true, 
   "amount": "-195.81", 
   "user": 1, 
   "created_date": "2011-09-11 00:40:12", 
   "date": "2011-05-04"
  }
 }, 
 {
  "pk": 138, 
  "model": "transactions.transaction", 
  "fields": {
   "category": null, 
   "modified_date": "2011-09-11 00:40:12", 
   "account": 3, 
   "description": "INTERNET BPAY DEFT PAYMENTS 22256292804201", 
   "split_parent": null, 
   "reportable": true, 
   "amount": "-940.00", 
   "user": 1, 
   "created_date": "2011-09-11 00:40:12", 
   "date": "2011-05-02"
  }
 }, 
 {
  "pk": 139, 
  "model": "transactions.transaction", 
  "fields": {
   "category": null, 
   "modified_date": "2011-09-11 00:40:12", 
   "account": 3, 
   "description": "2000216716124 Telstra DDebit Vreede. Paul Van", 
   "split_parent": null, 
   "reportable": true, 
   "amount": "-44.00", 
   "user": 1, 
   "created_date": "2011-09-11 00:40:12", 
   "date": "2011-04-29"
  }
 }, 
 {
  "pk": 140, 
  "model": "transactions.transaction", 
  "fields": {
   "category": null, 
   "modified_date": "2011-09-11 00:40:12", 
   "account": 3, 
   "description": "INTERNET TRANSFER Rate Reimbursement", 
   "split_parent": null, 
   "reportable": true, 
   "amount": "-129.00", 
   "user": 1, 
   "created_date": "2011-09-11 00:40:12", 
   "date": "2011-04-28"
  }
 }, 
 {
  "pk": 141, 
  "model": "transactions.transaction", 
  "fields": {
   "category": null, 
   "modified_date": "2011-09-11 00:40:12", 
   "account": 3, 
   "description": "CUST-79613 EXETEL PAUL VAN DE VREE", 
   "split_parent": null, 
   "reportable": true, 
   "amount": "-60.00", 
   "user": 1, 
   "created_date": "2011-09-11 00:40:12", 
   "date": "2011-04-28"
  }
 }, 
 {
  "pk": 142, 
  "model": "transactions.transaction", 
  "fields": {
   "category": null, 
   "modified_date": "2011-09-11 00:40:12", 
   "account": 3, 
   "description": "INTERNET BPAY TAX OFFICE PAYMENTS 280474902830560", 
   "split_parent": null, 
   "reportable": true, 
   "amount": "-2222.00", 
   "user": 1, 
   "created_date": "2011-09-11 00:40:12", 
   "date": "2011-04-27"
  }
 }, 
 {
  "pk": 143, 
  "model": "transactions.transaction", 
  "fields": {
   "category": null, 
   "modified_date": "2011-09-11 00:40:12", 
   "account": 3, 
   "description": "INTERNET BPAY Yarra Valley Water 2 08610802234", 
   "split_parent": null, 
   "reportable": true, 
   "amount": "-157.55", 
   "user": 1, 
   "created_date": "2011-09-11 00:40:12", 
   "date": "2011-04-27"
  }
 }, 
 {
  "pk": 144, 
  "model": "transactions.transaction", 
  "fields": {
   "category": null, 
   "modified_date": "2011-09-11 00:40:12", 
   "account": 3, 
   "description": "INTERNET TRANSFER For cash Paul VdV", 
   "split_parent": null, 
   "reportable": true, 
   "amount": "-80.00", 
   "user": 1, 
   "created_date": "2011-09-11 00:40:12", 
   "date": "2011-04-27"
  }
 }, 
 {
  "pk": 145, 
  "model": "transactions.transaction", 
  "fields": {
   "category": null, 
   "modified_date": "2011-09-11 00:40:12", 
   "account": 3, 
   "description": "INTERNET TRANSFER For cash Paul VdV", 
   "split_parent": null, 
   "reportable": true, 
   "amount": "-60.00", 
   "user": 1, 
   "created_date": "2011-09-11 00:40:12", 
   "date": "2011-04-27"
  }
 }, 
 {
  "pk": 146, 
  "model": "transactions.transaction", 
  "fields": {
   "category": null, 
   "modified_date": "2011-09-11 00:40:12", 
   "account": 3, 
   "description": "INTERNET TRANSFER Mortgage Payment Paul VdV", 
   "split_parent": null, 
   "reportable": true, 
   "amount": "-1800.00", 
   "user": 1, 
   "created_date": "2011-09-11 00:40:12", 
   "date": "2011-04-18"
  }
 }, 
 {
  "pk": 147, 
  "model": "transactions.transaction", 
  "fields": {
   "category": null, 
   "modified_date": "2011-09-11 00:40:12", 
   "account": 3, 
   "description": "INTERNET TRANSFER For cash Paul vdv", 
   "split_parent": null, 
   "reportable": true, 
   "amount": "-120.00", 
   "user": 1, 
   "created_date": "2011-09-11 00:40:12", 
   "date": "2011-04-18"
  }
 }, 
 {
  "pk": 148, 
  "model": "transactions.transaction", 
  "fields": {
   "category": null, 
   "modified_date": "2011-09-11 00:40:12", 
   "account": 3, 
   "description": "INTERNET TRANSFER For cash Paul VdV", 
   "split_parent": null, 
   "reportable": true, 
   "amount": "-80.00", 
   "user": 1, 
   "created_date": "2011-09-11 00:40:12", 
   "date": "2011-04-18"
  }
 }, 
 {
  "pk": 149, 
  "model": "transactions.transaction", 
  "fields": {
   "category": null, 
   "modified_date": "2011-09-11 00:40:12", 
   "account": 3, 
   "description": "INTERNET BPAY Simply Energy 0030159271", 
   "split_parent": null, 
   "reportable": true, 
   "amount": "-36.61", 
   "user": 1, 
   "created_date": "2011-09-11 00:40:12", 
   "date": "2011-04-18"
  }
 }, 
 {
  "pk": 150, 
  "model": "transactions.transaction", 
  "fields": {
   "category": null, 
   "modified_date": "2011-09-11 00:40:12", 
   "account": 3, 
   "description": "INTERNET BPAY AMERICAN EXPRESS 376064037922004", 
   "split_parent": null, 
   "reportable": true, 
   "amount": "-1152.00", 
   "user": 1, 
   "created_date": "2011-09-11 00:40:12", 
   "date": "2011-04-15"
  }
 }, 
 {
  "pk": 151, 
  "model": "transactions.transaction", 
  "fields": {
   "category": null, 
   "modified_date": "2011-09-11 00:40:12", 
   "account": 3, 
   "description": "INTERNET BPAY Ignite by Westpac 5163190008626765", 
   "split_parent": null, 
   "reportable": true, 
   "amount": "-250.00", 
   "user": 1, 
   "created_date": "2011-09-11 00:40:12", 
   "date": "2011-04-15"
  }
 }, 
 {
  "pk": 152, 
  "model": "transactions.transaction", 
  "fields": {
   "category": null, 
   "modified_date": "2011-09-11 00:40:12", 
   "account": 3, 
   "description": "ADSP43291 033184 EXEGO PTY LTD VAN DEVREEDE P", 
   "split_parent": null, 
   "reportable": true, 
   "amount": "5358.34", 
   "user": 1, 
   "created_date": "2011-09-11 00:40:12", 
   "date": "2011-04-14"
  }
 }, 
 {
  "pk": 153, 
  "model": "transactions.transaction", 
  "fields": {
   "category": null, 
   "modified_date": "2011-09-11 00:40:12", 
   "account": 3, 
   "description": "INTERNET TRANSFER For cash Paul vdv", 
   "split_parent": null, 
   "reportable": true, 
   "amount": "-80.00", 
   "user": 1, 
   "created_date": "2011-09-11 00:40:12", 
   "date": "2011-04-08"
  }
 }, 
 {
  "pk": 154, 
  "model": "transactions.transaction", 
  "fields": {
   "category": null, 
   "modified_date": "2011-09-11 00:40:12", 
   "account": 3, 
   "description": "INTERNET TRANSFER For cash Paul vdv", 
   "split_parent": null, 
   "reportable": true, 
   "amount": "-100.00", 
   "user": 1, 
   "created_date": "2011-09-11 00:40:12", 
   "date": "2011-04-04"
  }
 }, 
 {
  "pk": 155, 
  "model": "transactions.transaction", 
  "fields": {
   "category": null, 
   "modified_date": "2011-09-11 00:40:12", 
   "account": 3, 
   "description": "2000216716124 Telstra DDebit Vreede. Paul Van", 
   "split_parent": null, 
   "reportable": true, 
   "amount": "-13.57", 
   "user": 1, 
   "created_date": "2011-09-11 00:40:12", 
   "date": "2011-03-30"
  }
 }, 
 {
  "pk": 156, 
  "model": "transactions.transaction", 
  "fields": {
   "category": null, 
   "modified_date": "2011-09-11 00:40:12", 
   "account": 3, 
   "description": "INTERNET TRANSFER Rate Reimbursement", 
   "split_parent": null, 
   "reportable": true, 
   "amount": "-129.00", 
   "user": 1, 
   "created_date": "2011-09-11 00:40:12", 
   "date": "2011-03-28"
  }
 }, 
 {
  "pk": 157, 
  "model": "transactions.transaction", 
  "fields": {
   "category": null, 
   "modified_date": "2011-09-11 00:40:12", 
   "account": 3, 
   "description": "CUST-79613 EXETEL PAUL VAN DE VREE", 
   "split_parent": null, 
   "reportable": true, 
   "amount": "-60.00", 
   "user": 1, 
   "created_date": "2011-09-11 00:40:12", 
   "date": "2011-03-28"
  }
 }, 
 {
  "pk": 158, 
  "model": "transactions.transaction", 
  "fields": {
   "category": null, 
   "modified_date": "2011-09-11 00:40:12", 
   "account": 3, 
   "description": "INTERNET TRANSFER For cash Paul VdV", 
   "split_parent": null, 
   "reportable": true, 
   "amount": "-80.00", 
   "user": 1, 
   "created_date": "2011-09-11 00:40:12", 
   "date": "2011-03-23"
  }
 }, 
 {
  "pk": 159, 
  "model": "transactions.transaction", 
  "fields": {
   "category": null, 
   "modified_date": "2011-09-11 00:40:12", 
   "account": 3, 
   "description": "INTERNET BPAY TAX OFFICE PAYMENTS 551004312022575601", 
   "split_parent": null, 
   "reportable": true, 
   "amount": "-2310.50", 
   "user": 1, 
   "created_date": "2011-09-11 00:40:12", 
   "date": "2011-03-21"
  }
 }, 
 {
  "pk": 160, 
  "model": "transactions.transaction", 
  "fields": {
   "category": null, 
   "modified_date": "2011-09-11 00:40:12", 
   "account": 3, 
   "description": "INTERNET TRANSFER For cash Paul VdV", 
   "split_parent": null, 
   "reportable": true, 
   "amount": "-80.00", 
   "user": 1, 
   "created_date": "2011-09-11 00:40:12", 
   "date": "2011-03-21"
  }
 }, 
 {
  "pk": 161, 
  "model": "transactions.transaction", 
  "fields": {
   "category": null, 
   "modified_date": "2011-09-11 00:40:12", 
   "account": 3, 
   "description": "INTERNET TRANSFER Amy Present - PVDV", 
   "split_parent": null, 
   "reportable": true, 
   "amount": "-30.00", 
   "user": 1, 
   "created_date": "2011-09-11 00:40:12", 
   "date": "2011-03-18"
  }
 }, 
 {
  "pk": 162, 
  "model": "transactions.transaction", 
  "fields": {
   "category": null, 
   "modified_date": "2011-09-11 00:40:12", 
   "account": 3, 
   "description": "INTERNET TRANSFER For cash Paul vdv", 
   "split_parent": null, 
   "reportable": true, 
   "amount": "-100.00", 
   "user": 1, 
   "created_date": "2011-09-11 00:40:12", 
   "date": "2011-03-17"
  }
 }, 
 {
  "pk": 163, 
  "model": "transactions.transaction", 
  "fields": {
   "category": null, 
   "modified_date": "2011-09-11 00:40:12", 
   "account": 3, 
   "description": "INTERNET TRANSFER Mortgage Payment Paul VdV", 
   "split_parent": null, 
   "reportable": true, 
   "amount": "-1700.00", 
   "user": 1, 
   "created_date": "2011-09-11 00:40:12", 
   "date": "2011-03-16"
  }
 }, 
 {
  "pk": 164, 
  "model": "transactions.transaction", 
  "fields": {
   "category": null, 
   "modified_date": "2011-09-11 00:40:12", 
   "account": 3, 
   "description": "INTERNET BPAY AMERICAN EXPRESS 376064037922004", 
   "split_parent": null, 
   "reportable": true, 
   "amount": "-1100.00", 
   "user": 1, 
   "created_date": "2011-09-11 00:40:12", 
   "date": "2011-03-16"
  }
 }, 
 {
  "pk": 165, 
  "model": "transactions.transaction", 
  "fields": {
   "category": null, 
   "modified_date": "2011-09-11 00:40:12", 
   "account": 3, 
   "description": "INTERNET BPAY Ignite by Westpac 5163190008626765", 
   "split_parent": null, 
   "reportable": true, 
   "amount": "-770.00", 
   "user": 1, 
   "created_date": "2011-09-11 00:40:12", 
   "date": "2011-03-16"
  }
 }, 
 {
  "pk": 166, 
  "model": "transactions.transaction", 
  "fields": {
   "category": null, 
   "modified_date": "2011-09-11 00:40:12", 
   "account": 3, 
   "description": "Happy Birthday!! MRS MELITA VAN D P Van de Vreede", 
   "split_parent": null, 
   "reportable": true, 
   "amount": "200.00", 
   "user": 1, 
   "created_date": "2011-09-11 00:40:12", 
   "date": "2011-03-15"
  }
 }, 
 {
  "pk": 167, 
  "model": "transactions.transaction", 
  "fields": {
   "category": null, 
   "modified_date": "2011-09-11 00:40:12", 
   "account": 3, 
   "description": "ADSP43291 033184 EXEGO PTY LTD VAN DEVREEDE P", 
   "split_parent": null, 
   "reportable": true, 
   "amount": "5761.19", 
   "user": 1, 
   "created_date": "2011-09-11 00:40:12", 
   "date": "2011-03-11"
  }
 }, 
 {
  "pk": 168, 
  "model": "transactions.transaction", 
  "fields": {
   "category": null, 
   "modified_date": "2011-09-11 00:40:12", 
   "account": 3, 
   "description": "INTERNET TRANSFER For cash Paul vdv", 
   "split_parent": null, 
   "reportable": true, 
   "amount": "-120.00", 
   "user": 1, 
   "created_date": "2011-09-11 00:40:12", 
   "date": "2011-03-03"
  }
 }, 
 {
  "pk": 169, 
  "model": "transactions.transaction", 
  "fields": {
   "category": null, 
   "modified_date": "2011-09-11 00:40:12", 
   "account": 3, 
   "description": "CUST-79613 EXETEL PAUL VAN DE VREE", 
   "split_parent": null, 
   "reportable": true, 
   "amount": "-52.26", 
   "user": 1, 
   "created_date": "2011-09-11 00:40:12", 
   "date": "2011-03-01"
  }
 }, 
 {
  "pk": 170, 
  "model": "transactions.transaction", 
  "fields": {
   "category": null, 
   "modified_date": "2011-09-11 00:40:12", 
   "account": 3, 
   "description": "INTERNET BPAY DEFT PAYMENTS 22256292804201", 
   "split_parent": null, 
   "reportable": true, 
   "amount": "-940.00", 
   "user": 1, 
   "created_date": "2011-09-11 00:40:12", 
   "date": "2011-02-28"
  }
 }, 
 {
  "pk": 171, 
  "model": "transactions.transaction", 
  "fields": {
   "category": null, 
   "modified_date": "2011-09-11 00:40:12", 
   "account": 3, 
   "description": "INTERNET BPAY TAX OFFICE PAYMENTS 280474902830560", 
   "split_parent": null, 
   "reportable": true, 
   "amount": "-375.00", 
   "user": 1, 
   "created_date": "2011-09-11 00:40:12", 
   "date": "2011-02-28"
  }
 }, 
 {
  "pk": 172, 
  "model": "transactions.transaction", 
  "fields": {
   "category": null, 
   "modified_date": "2011-09-11 00:40:12", 
   "account": 3, 
   "description": "INTERNET BPAY Simply Energy 0030159263", 
   "split_parent": null, 
   "reportable": true, 
   "amount": "-258.42", 
   "user": 1, 
   "created_date": "2011-09-11 00:40:12", 
   "date": "2011-02-28"
  }
 }, 
 {
  "pk": 173, 
  "model": "transactions.transaction", 
  "fields": {
   "category": null, 
   "modified_date": "2011-09-11 00:40:12", 
   "account": 3, 
   "description": "INTERNET BPAY BUPA AUST HEALTH 54680780", 
   "split_parent": null, 
   "reportable": true, 
   "amount": "-202.95", 
   "user": 1, 
   "created_date": "2011-09-11 00:40:12", 
   "date": "2011-02-28"
  }
 }, 
 {
  "pk": 174, 
  "model": "transactions.transaction", 
  "fields": {
   "category": null, 
   "modified_date": "2011-09-11 00:40:12", 
   "account": 3, 
   "description": "INTERNET TRANSFER Rate Reimbursement", 
   "split_parent": null, 
   "reportable": true, 
   "amount": "-129.00", 
   "user": 1, 
   "created_date": "2011-09-11 00:40:12", 
   "date": "2011-02-28"
  }
 }, 
 {
  "pk": 175, 
  "model": "transactions.transaction", 
  "fields": {
   "category": null, 
   "modified_date": "2011-09-11 00:40:12", 
   "account": 3, 
   "description": "INTERNET TRANSFER For cash PAUL VDV", 
   "split_parent": null, 
   "reportable": true, 
   "amount": "-100.00", 
   "user": 1, 
   "created_date": "2011-09-11 00:40:12", 
   "date": "2011-02-25"
  }
 }, 
 {
  "pk": 176, 
  "model": "transactions.transaction", 
  "fields": {
   "category": null, 
   "modified_date": "2011-09-11 00:40:12", 
   "account": 3, 
   "description": "INTERNET TRANSFER For cash Paul vdv", 
   "split_parent": null, 
   "reportable": true, 
   "amount": "-20.00", 
   "user": 1, 
   "created_date": "2011-09-11 00:40:12", 
   "date": "2011-02-25"
  }
 }, 
 {
  "pk": 177, 
  "model": "transactions.transaction", 
  "fields": {
   "category": null, 
   "modified_date": "2011-09-11 00:40:12", 
   "account": 3, 
   "description": "087467 John Holland Gro Van De Vreede P", 
   "split_parent": null, 
   "reportable": true, 
   "amount": "3594.03", 
   "user": 1, 
   "created_date": "2011-09-11 00:40:12", 
   "date": "2011-02-25"
  }
 }, 
 {
  "pk": 178, 
  "model": "transactions.transaction", 
  "fields": {
   "category": null, 
   "modified_date": "2011-09-11 00:40:12", 
   "account": 3, 
   "description": "INTERNET TRANSFER for carpet laying Paul VdV", 
   "split_parent": null, 
   "reportable": true, 
   "amount": "-500.00", 
   "user": 1, 
   "created_date": "2011-09-11 00:40:12", 
   "date": "2011-02-18"
  }
 }, 
 {
  "pk": 179, 
  "model": "transactions.transaction", 
  "fields": {
   "category": null, 
   "modified_date": "2011-09-11 00:40:12", 
   "account": 3, 
   "description": "INTERNET BPAY AMERICAN EXPRESS 376064037922004", 
   "split_parent": null, 
   "reportable": true, 
   "amount": "-600.00", 
   "user": 1, 
   "created_date": "2011-09-11 00:40:12", 
   "date": "2011-02-17"
  }
 }, 
 {
  "pk": 180, 
  "model": "transactions.transaction", 
  "fields": {
   "category": null, 
   "modified_date": "2011-09-11 00:40:12", 
   "account": 3, 
   "description": "INTERNET TRANSFER Mortgage Payment Paul VdV", 
   "split_parent": null, 
   "reportable": true, 
   "amount": "-1700.00", 
   "user": 1, 
   "created_date": "2011-09-11 00:40:12", 
   "date": "2011-02-16"
  }
 }, 
 {
  "pk": 181, 
  "model": "transactions.transaction", 
  "fields": {
   "category": null, 
   "modified_date": "2011-09-11 00:40:12", 
   "account": 3, 
   "description": "INTERNET BPAY Ignite by Westpac 5163190008626765", 
   "split_parent": null, 
   "reportable": true, 
   "amount": "-605.00", 
   "user": 1, 
   "created_date": "2011-09-11 00:40:12", 
   "date": "2011-02-15"
  }
 }, 
 {
  "pk": 182, 
  "model": "transactions.transaction", 
  "fields": {
   "category": null, 
   "modified_date": "2011-09-11 00:40:12", 
   "account": 3, 
   "description": "INTERNET BPAY AMERICAN EXPRESS 376064037922004", 
   "split_parent": null, 
   "reportable": true, 
   "amount": "-20.00", 
   "user": 1, 
   "created_date": "2011-09-11 00:40:12", 
   "date": "2011-02-15"
  }
 }, 
 {
  "pk": 183, 
  "model": "transactions.transaction", 
  "fields": {
   "category": null, 
   "modified_date": "2011-09-11 00:40:12", 
   "account": 3, 
   "description": "INTERNET TRANSFER for cash Paul VdV", 
   "split_parent": null, 
   "reportable": true, 
   "amount": "-100.00", 
   "user": 1, 
   "created_date": "2011-09-11 00:40:12", 
   "date": "2011-02-14"
  }
 }, 
 {
  "pk": 184, 
  "model": "transactions.transaction", 
  "fields": {
   "category": null, 
   "modified_date": "2011-09-11 00:40:12", 
   "account": 3, 
   "description": "INTERNET BPAY Simply Energy 0030159271", 
   "split_parent": null, 
   "reportable": true, 
   "amount": "-38.18", 
   "user": 1, 
   "created_date": "2011-09-11 00:40:12", 
   "date": "2011-02-14"
  }
 }, 
 {
  "pk": 185, 
  "model": "transactions.transaction", 
  "fields": {
   "category": null, 
   "modified_date": "2011-09-11 00:40:12", 
   "account": 3, 
   "description": "087467 John Holland Gro Van De Vreede P", 
   "split_parent": null, 
   "reportable": true, 
   "amount": "3648.90", 
   "user": 1, 
   "created_date": "2011-09-11 00:40:12", 
   "date": "2011-02-14"
  }
 }, 
 {
  "pk": 186, 
  "model": "transactions.transaction", 
  "fields": {
   "category": null, 
   "modified_date": "2011-09-11 00:40:12", 
   "account": 3, 
   "description": "TaxMedicareRefund MRS MELITA VAN D P Van de Vreede", 
   "split_parent": null, 
   "reportable": true, 
   "amount": "300.00", 
   "user": 1, 
   "created_date": "2011-09-11 00:40:12", 
   "date": "2011-02-10"
  }
 }, 
 {
  "pk": 187, 
  "model": "transactions.transaction", 
  "fields": {
   "category": null, 
   "modified_date": "2011-09-11 00:40:12", 
   "account": 3, 
   "description": "reimburs exp. McVan Instrument Paul Van de Vree", 
   "split_parent": null, 
   "reportable": true, 
   "amount": "50.70", 
   "user": 1, 
   "created_date": "2011-09-11 00:40:12", 
   "date": "2011-02-08"
  }
 }, 
 {
  "pk": 188, 
  "model": "transactions.transaction", 
  "fields": {
   "category": null, 
   "modified_date": "2011-09-11 00:40:12", 
   "account": 3, 
   "description": "INTERNET BPAY Yarra Valley Water 2 08610802234", 
   "split_parent": null, 
   "reportable": true, 
   "amount": "-156.90", 
   "user": 1, 
   "created_date": "2011-09-11 00:40:12", 
   "date": "2011-02-07"
  }
 }, 
 {
  "pk": 189, 
  "model": "transactions.transaction", 
  "fields": {
   "category": null, 
   "modified_date": "2011-09-11 00:40:12", 
   "account": 3, 
   "description": "INTERNET TRANSFER For cash Paul VdV", 
   "split_parent": null, 
   "reportable": true, 
   "amount": "-80.00", 
   "user": 1, 
   "created_date": "2011-09-11 00:40:12", 
   "date": "2011-02-07"
  }
 }, 
 {
  "pk": 190, 
  "model": "transactions.transaction", 
  "fields": {
   "category": null, 
   "modified_date": "2011-09-11 00:40:12", 
   "account": 3, 
   "description": "CUST-79613 EXETEL PAUL VAN DE VREE", 
   "split_parent": null, 
   "reportable": true, 
   "amount": "-60.00", 
   "user": 1, 
   "created_date": "2011-09-11 00:40:12", 
   "date": "2011-02-01"
  }
 }, 
 {
  "pk": 191, 
  "model": "transactions.transaction", 
  "fields": {
   "category": null, 
   "modified_date": "2011-09-11 00:40:12", 
   "account": 3, 
   "description": "INTERNET TRANSFER Rate Reimbursement", 
   "split_parent": null, 
   "reportable": true, 
   "amount": "-129.00", 
   "user": 1, 
   "created_date": "2011-09-11 00:40:12", 
   "date": "2011-01-31"
  }
 }, 
 {
  "pk": 192, 
  "model": "transactions.transaction", 
  "fields": {
   "category": null, 
   "modified_date": "2011-09-11 00:40:12", 
   "account": 3, 
   "description": "INTERNET TRANSFER For cash Paul VdV", 
   "split_parent": null, 
   "reportable": true, 
   "amount": "-80.00", 
   "user": 1, 
   "created_date": "2011-09-11 00:40:12", 
   "date": "2011-01-27"
  }
 }, 
 {
  "pk": 193, 
  "model": "transactions.transaction", 
  "fields": {
   "category": null, 
   "modified_date": "2011-09-11 00:40:12", 
   "account": 3, 
   "description": "INTERNET TRANSFER For cash PAUL VDV", 
   "split_parent": null, 
   "reportable": true, 
   "amount": "-80.00", 
   "user": 1, 
   "created_date": "2011-09-11 00:40:12", 
   "date": "2011-01-24"
  }
 }, 
 {
  "pk": 194, 
  "model": "transactions.transaction", 
  "fields": {
   "category": null, 
   "modified_date": "2011-09-11 00:40:12", 
   "account": 3, 
   "description": "INTERNET BPAY Ignite by Westpac 5163190008626765", 
   "split_parent": null, 
   "reportable": true, 
   "amount": "-200.00", 
   "user": 1, 
   "created_date": "2011-09-11 00:40:12", 
   "date": "2011-01-21"
  }
 }, 
 {
  "pk": 195, 
  "model": "transactions.transaction", 
  "fields": {
   "category": null, 
   "modified_date": "2011-09-11 00:40:12", 
   "account": 3, 
   "description": "INTERNET BPAY Ignite by Westpac 5163190008626765", 
   "split_parent": null, 
   "reportable": true, 
   "amount": "-35.00", 
   "user": 1, 
   "created_date": "2011-09-11 00:40:12", 
   "date": "2011-01-20"
  }
 }, 
 {
  "pk": 196, 
  "model": "transactions.transaction", 
  "fields": {
   "category": null, 
   "modified_date": "2011-09-11 00:40:12", 
   "account": 3, 
   "description": "INTERNET BPAY TAX OFFICE PAYMENTS 553004312022572421", 
   "split_parent": null, 
   "reportable": true, 
   "amount": "-1728.00", 
   "user": 1, 
   "created_date": "2011-09-11 00:40:12", 
   "date": "2011-01-17"
  }
 }, 
 {
  "pk": 197, 
  "model": "transactions.transaction", 
  "fields": {
   "category": null, 
   "modified_date": "2011-09-11 00:40:12", 
   "account": 3, 
   "description": "INTERNET TRANSFER Mortgage Payment Paul VdV", 
   "split_parent": null, 
   "reportable": true, 
   "amount": "-1700.00", 
   "user": 1, 
   "created_date": "2011-09-11 00:40:12", 
   "date": "2011-01-17"
  }
 }, 
 {
  "pk": 198, 
  "model": "transactions.transaction", 
  "fields": {
   "category": null, 
   "modified_date": "2011-09-11 00:40:12", 
   "account": 3, 
   "description": "INTERNET BPAY AMERICAN EXPRESS 376064037921006", 
   "split_parent": null, 
   "reportable": true, 
   "amount": "-950.00", 
   "user": 1, 
   "created_date": "2011-09-11 00:40:12", 
   "date": "2011-01-17"
  }
 }, 
 {
  "pk": 199, 
  "model": "transactions.transaction", 
  "fields": {
   "category": null, 
   "modified_date": "2011-09-11 00:40:12", 
   "account": 3, 
   "description": "087467 John Holland Gro Van De Vreede P", 
   "split_parent": null, 
   "reportable": true, 
   "amount": "4102.78", 
   "user": 1, 
   "created_date": "2011-09-11 00:40:12", 
   "date": "2011-01-14"
  }
 }, 
 {
  "pk": 200, 
  "model": "transactions.transaction", 
  "fields": {
   "category": null, 
   "modified_date": "2011-09-11 00:40:12", 
   "account": 3, 
   "description": "INTERNET TRANSFER For cash PAUL VDV", 
   "split_parent": null, 
   "reportable": true, 
   "amount": "-71.00", 
   "user": 1, 
   "created_date": "2011-09-11 00:40:12", 
   "date": "2011-01-10"
  }
 }, 
 {
  "pk": 201, 
  "model": "transactions.transaction", 
  "fields": {
   "category": null, 
   "modified_date": "2011-09-11 00:40:12", 
   "account": 3, 
   "description": "INTERNET BPAY VIC ROADS VL HIGH 24176901", 
   "split_parent": null, 
   "reportable": true, 
   "amount": "-624.10", 
   "user": 1, 
   "created_date": "2011-09-11 00:40:12", 
   "date": "2011-01-06"
  }
 }, 
 {
  "pk": 202, 
  "model": "transactions.transaction", 
  "fields": {
   "category": null, 
   "modified_date": "2011-09-11 00:40:12", 
   "account": 3, 
   "description": "INTERNET TRANSFER School money Paul VdV", 
   "split_parent": null, 
   "reportable": true, 
   "amount": "2958.00", 
   "user": 1, 
   "created_date": "2011-09-11 00:40:12", 
   "date": "2011-01-05"
  }
 }, 
 {
  "pk": 203, 
  "model": "transactions.transaction", 
  "fields": {
   "category": null, 
   "modified_date": "2011-09-11 00:40:12", 
   "account": 3, 
   "description": "INTERNET TRANSFER Rate Reimbursement", 
   "split_parent": null, 
   "reportable": true, 
   "amount": "-129.00", 
   "user": 1, 
   "created_date": "2011-09-11 00:40:12", 
   "date": "2010-12-30"
  }
 }, 
 {
  "pk": 204, 
  "model": "transactions.transaction", 
  "fields": {
   "category": null, 
   "modified_date": "2011-09-11 00:40:12", 
   "account": 3, 
   "description": "Xmas Gift Parents MRS MELITA VAN D P Van de Vreede", 
   "split_parent": null, 
   "reportable": true, 
   "amount": "200.00", 
   "user": 1, 
   "created_date": "2011-09-11 00:40:12", 
   "date": "2010-12-29"
  }
 }, 
 {
  "pk": 205, 
  "model": "transactions.transaction", 
  "fields": {
   "category": null, 
   "modified_date": "2011-09-11 00:40:12", 
   "account": 3, 
   "description": "INTERNET TRANSFER For Den/Booze", 
   "split_parent": null, 
   "reportable": true, 
   "amount": "-50.00", 
   "user": 1, 
   "created_date": "2011-09-11 00:40:12", 
   "date": "2010-12-24"
  }
 }, 
 {
  "pk": 206, 
  "model": "transactions.transaction", 
  "fields": {
   "category": null, 
   "modified_date": "2011-09-11 00:40:12", 
   "account": 3, 
   "description": "INTERNET TRANSFER For cash Paul VdV", 
   "split_parent": null, 
   "reportable": true, 
   "amount": "-80.00", 
   "user": 1, 
   "created_date": "2011-09-11 00:40:12", 
   "date": "2010-12-21"
  }
 }, 
 {
  "pk": 207, 
  "model": "transactions.transaction", 
  "fields": {
   "category": null, 
   "modified_date": "2011-09-11 00:40:12", 
   "account": 3, 
   "description": "INTERNET BPAY AMBULANCE VICTORIA 026131615", 
   "split_parent": null, 
   "reportable": true, 
   "amount": "-75.00", 
   "user": 1, 
   "created_date": "2011-09-11 00:40:12", 
   "date": "2010-12-20"
  }
 }, 
 {
  "pk": 208, 
  "model": "transactions.transaction", 
  "fields": {
   "category": null, 
   "modified_date": "2011-09-11 00:40:12", 
   "account": 3, 
   "description": "INTERNET TRANSFER Mortgage Payment Paul VdV", 
   "split_parent": null, 
   "reportable": true, 
   "amount": "-1700.00", 
   "user": 1, 
   "created_date": "2011-09-11 00:40:12", 
   "date": "2010-12-16"
  }
 }, 
 {
  "pk": 209, 
  "model": "transactions.transaction", 
  "fields": {
   "category": null, 
   "modified_date": "2011-09-11 00:40:12", 
   "account": 3, 
   "description": "INTERNET BPAY AMERICAN EXPRESS 376064037921006", 
   "split_parent": null, 
   "reportable": true, 
   "amount": "-405.00", 
   "user": 1, 
   "created_date": "2011-09-11 00:40:12", 
   "date": "2010-12-15"
  }
 }, 
 {
  "pk": 210, 
  "model": "transactions.transaction", 
  "fields": {
   "category": null, 
   "modified_date": "2011-09-11 00:40:12", 
   "account": 3, 
   "description": "INTERNET BPAY Ignite by Westpac 5163190004328754", 
   "split_parent": null, 
   "reportable": true, 
   "amount": "-242.59", 
   "user": 1, 
   "created_date": "2011-09-11 00:40:12", 
   "date": "2010-12-15"
  }
 }, 
 {
  "pk": 211, 
  "model": "transactions.transaction", 
  "fields": {
   "category": null, 
   "modified_date": "2011-09-11 00:40:12", 
   "account": 3, 
   "description": "INTERNET TRANSFER Presents", 
   "split_parent": null, 
   "reportable": true, 
   "amount": "-195.00", 
   "user": 1, 
   "created_date": "2011-09-11 00:40:12", 
   "date": "2010-12-15"
  }
 }, 
 {
  "pk": 212, 
  "model": "transactions.transaction", 
  "fields": {
   "category": null, 
   "modified_date": "2011-09-11 00:40:12", 
   "account": 3, 
   "description": "087467 John Holland Gro Van De Vreede P", 
   "split_parent": null, 
   "reportable": true, 
   "amount": "3648.70", 
   "user": 1, 
   "created_date": "2011-09-11 00:40:12", 
   "date": "2010-12-14"
  }
 }, 
 {
  "pk": 213, 
  "model": "transactions.transaction", 
  "fields": {
   "category": null, 
   "modified_date": "2011-09-11 00:40:12", 
   "account": 3, 
   "description": "INTERNET TRANSFER For cash Paul Vdv", 
   "split_parent": null, 
   "reportable": true, 
   "amount": "-100.00", 
   "user": 1, 
   "created_date": "2011-09-11 00:40:12", 
   "date": "2010-12-13"
  }
 }, 
 {
  "pk": 214, 
  "model": "transactions.transaction", 
  "fields": {
   "category": null, 
   "modified_date": "2011-09-11 00:40:12", 
   "account": 3, 
   "description": "INTERNET BPAY Simply Energy 0030159271", 
   "split_parent": null, 
   "reportable": true, 
   "amount": "-40.01", 
   "user": 1, 
   "created_date": "2011-09-11 00:40:12", 
   "date": "2010-12-13"
  }
 }, 
 {
  "pk": 215, 
  "model": "transactions.transaction", 
  "fields": {
   "category": null, 
   "modified_date": "2011-09-11 00:40:12", 
   "account": 3, 
   "description": "INTERNET BPAY BUPA AUST HEALTH 54680780", 
   "split_parent": null, 
   "reportable": true, 
   "amount": "-202.95", 
   "user": 1, 
   "created_date": "2011-09-11 00:40:12", 
   "date": "2010-11-30"
  }
 }, 
 {
  "pk": 216, 
  "model": "transactions.transaction", 
  "fields": {
   "category": null, 
   "modified_date": "2011-09-11 00:40:12", 
   "account": 3, 
   "description": "INTERNET TRANSFER Rate Reimbursement", 
   "split_parent": null, 
   "reportable": true, 
   "amount": "-129.00", 
   "user": 1, 
   "created_date": "2011-09-11 00:40:12", 
   "date": "2010-11-30"
  }
 }, 
 {
  "pk": 217, 
  "model": "transactions.transaction", 
  "fields": {
   "category": null, 
   "modified_date": "2011-09-11 00:40:12", 
   "account": 3, 
   "description": "INTERNET TRANSFER For cash Paul VdV", 
   "split_parent": null, 
   "reportable": true, 
   "amount": "-80.00", 
   "user": 1, 
   "created_date": "2011-09-11 00:40:12", 
   "date": "2010-11-26"
  }
 }, 
 {
  "pk": 218, 
  "model": "transactions.transaction", 
  "fields": {
   "category": null, 
   "modified_date": "2011-09-11 00:40:12", 
   "account": 3, 
   "description": "INTERNET BPAY Simply Energy 0030159263", 
   "split_parent": null, 
   "reportable": true, 
   "amount": "-281.53", 
   "user": 1, 
   "created_date": "2011-09-11 00:40:12", 
   "date": "2010-11-22"
  }
 }, 
 {
  "pk": 219, 
  "model": "transactions.transaction", 
  "fields": {
   "category": null, 
   "modified_date": "2011-09-11 00:40:12", 
   "account": 3, 
   "description": "INTERNET TRANSFER For cash Paul VdV", 
   "split_parent": null, 
   "reportable": true, 
   "amount": "-100.00", 
   "user": 1, 
   "created_date": "2011-09-11 00:40:12", 
   "date": "2010-11-22"
  }
 }, 
 {
  "pk": 220, 
  "model": "transactions.transaction", 
  "fields": {
   "category": null, 
   "modified_date": "2011-09-11 00:40:12", 
   "account": 3, 
   "description": "BPAY RVSL 08/11/2010 OPTUS BILLING FBI 214235", 
   "split_parent": null, 
   "reportable": true, 
   "amount": "173.10", 
   "user": 1, 
   "created_date": "2011-09-11 00:40:12", 
   "date": "2010-11-22"
  }
 }, 
 {
  "pk": 221, 
  "model": "transactions.transaction", 
  "fields": {
   "category": null, 
   "modified_date": "2011-09-11 00:40:12", 
   "account": 3, 
   "description": "INTERNET TRANSFER For Mac Batt", 
   "split_parent": null, 
   "reportable": true, 
   "amount": "-88.00", 
   "user": 1, 
   "created_date": "2011-09-11 00:40:12", 
   "date": "2010-11-19"
  }
 }, 
 {
  "pk": 222, 
  "model": "transactions.transaction", 
  "fields": {
   "category": null, 
   "modified_date": "2011-09-11 00:40:12", 
   "account": 3, 
   "description": "INTERNET TRANSFER Mortgage Payment Paul VdV", 
   "split_parent": null, 
   "reportable": true, 
   "amount": "-1700.00", 
   "user": 1, 
   "created_date": "2011-09-11 00:40:12", 
   "date": "2010-11-16"
  }
 }, 
 {
  "pk": 223, 
  "model": "transactions.transaction", 
  "fields": {
   "category": null, 
   "modified_date": "2011-09-11 00:40:12", 
   "account": 3, 
   "description": "INTERNET BPAY AMERICAN EXPRESS 376064037921006", 
   "split_parent": null, 
   "reportable": true, 
   "amount": "-1160.00", 
   "user": 1, 
   "created_date": "2011-09-11 00:40:12", 
   "date": "2010-11-15"
  }
 }, 
 {
  "pk": 224, 
  "model": "transactions.transaction", 
  "fields": {
   "category": null, 
   "modified_date": "2011-09-11 00:40:12", 
   "account": 3, 
   "description": "INTERNET BPAY Ignite by Westpac 5163190004328754", 
   "split_parent": null, 
   "reportable": true, 
   "amount": "-301.00", 
   "user": 1, 
   "created_date": "2011-09-11 00:40:12", 
   "date": "2010-11-15"
  }
 }, 
 {
  "pk": 271, 
  "model": "transactions.transaction", 
  "fields": {
   "category": null, 
   "modified_date": "2011-09-11 00:57:22", 
   "account": 4, 
   "description": "test", 
   "split_parent": null, 
   "reportable": true, 
   "amount": "12.00", 
   "user": 1, 
   "created_date": "2011-09-11 00:57:22", 
   "date": "2011-02-09"
  }
 }, 
 {
  "pk": 226, 
  "model": "transactions.transaction", 
  "fields": {
   "category": null, 
   "modified_date": "2011-09-11 00:47:21", 
   "account": 4, 
   "description": "PAYPAL *REDBALLOON 4029357733 AUS", 
   "split_parent": null, 
   "reportable": true, 
   "amount": "-103.92", 
   "user": 1, 
   "created_date": "2011-09-11 00:47:21", 
   "date": "2011-09-05"
  }
 }, 
 {
  "pk": 227, 
  "model": "transactions.transaction", 
  "fields": {
   "category": null, 
   "modified_date": "2011-09-11 00:47:21", 
   "account": 4, 
   "description": "GRILLD PTY LTD HAWTHORN AUS", 
   "split_parent": null, 
   "reportable": true, 
   "amount": "-27.80", 
   "user": 1, 
   "created_date": "2011-09-11 00:47:21", 
   "date": "2011-09-01"
  }
 }, 
 {
  "pk": 228, 
  "model": "transactions.transaction", 
  "fields": {
   "category": null, 
   "modified_date": "2011-09-11 00:47:21", 
   "account": 4, 
   "description": "NOTE: DISPUTED ITEM, UNDER INVESTIGATION", 
   "split_parent": null, 
   "reportable": true, 
   "amount": "-618.00", 
   "user": 1, 
   "created_date": "2011-09-11 00:47:21", 
   "date": "2010-12-02"
  }
 }, 
 {
  "pk": 229, 
  "model": "transactions.transaction", 
  "fields": {
   "category": null, 
   "modified_date": "2011-09-11 00:47:21", 
   "account": 4, 
   "description": "NANDOS CHEVRON MELBOURNE AUS", 
   "split_parent": null, 
   "reportable": true, 
   "amount": "-23.40", 
   "user": 1, 
   "created_date": "2011-09-11 00:47:21", 
   "date": "2011-08-26"
  }
 }, 
 {
  "pk": 230, 
  "model": "transactions.transaction", 
  "fields": {
   "category": null, 
   "modified_date": "2011-09-11 00:47:21", 
   "account": 4, 
   "description": "PAYPAL *DNREGISTRAR 4029357733 USA", 
   "split_parent": null, 
   "reportable": true, 
   "amount": "-9.16", 
   "user": 1, 
   "created_date": "2011-09-11 00:47:21", 
   "date": "2011-08-23"
  }
 }, 
 {
  "pk": 231, 
  "model": "transactions.transaction", 
  "fields": {
   "category": null, 
   "modified_date": "2011-09-11 00:47:21", 
   "account": 4, 
   "description": "GRILLD PTY LTD HAWTHORN AUS", 
   "split_parent": null, 
   "reportable": true, 
   "amount": "-27.80", 
   "user": 1, 
   "created_date": "2011-09-11 00:47:21", 
   "date": "2011-08-22"
  }
 }, 
 {
  "pk": 232, 
  "model": "transactions.transaction", 
  "fields": {
   "category": null, 
   "modified_date": "2011-09-11 00:47:21", 
   "account": 4, 
   "description": "PAYPAL *GIGANEWSINC 4029357733 USA", 
   "split_parent": null, 
   "reportable": true, 
   "amount": "-29.63", 
   "user": 1, 
   "created_date": "2011-09-11 00:47:21", 
   "date": "2011-08-19"
  }
 }, 
 {
  "pk": 233, 
  "model": "transactions.transaction", 
  "fields": {
   "category": null, 
   "modified_date": "2011-09-11 00:47:21", 
   "account": 4, 
   "description": "PAYMENT-BPAY-THANK YOU", 
   "split_parent": null, 
   "reportable": true, 
   "amount": "435.00", 
   "user": 1, 
   "created_date": "2011-09-11 00:47:21", 
   "date": "2011-08-16"
  }
 }, 
 {
  "pk": 234, 
  "model": "transactions.transaction", 
  "fields": {
   "category": null, 
   "modified_date": "2011-09-11 00:47:21", 
   "account": 4, 
   "description": "GRILLD PTY LTD HAWTHORN AUS", 
   "split_parent": null, 
   "reportable": true, 
   "amount": "-27.80", 
   "user": 1, 
   "created_date": "2011-09-11 00:47:21", 
   "date": "2011-08-11"
  }
 }, 
 {
  "pk": 235, 
  "model": "transactions.transaction", 
  "fields": {
   "category": null, 
   "modified_date": "2011-09-11 00:47:21", 
   "account": 4, 
   "description": "CHINESE JIN DUMPLIN KEW AUS", 
   "split_parent": null, 
   "reportable": true, 
   "amount": "-68.00", 
   "user": 1, 
   "created_date": "2011-09-11 00:47:21", 
   "date": "2011-08-09"
  }
 }, 
 {
  "pk": 236, 
  "model": "transactions.transaction", 
  "fields": {
   "category": null, 
   "modified_date": "2011-09-11 00:47:21", 
   "account": 4, 
   "description": "GRILLD PTY LTD HAWTHORN AUS", 
   "split_parent": null, 
   "reportable": true, 
   "amount": "-16.90", 
   "user": 1, 
   "created_date": "2011-09-11 00:47:21", 
   "date": "2011-08-02"
  }
 }, 
 {
  "pk": 237, 
  "model": "transactions.transaction", 
  "fields": {
   "category": null, 
   "modified_date": "2011-09-11 00:47:21", 
   "account": 4, 
   "description": "PAYPAL *CENTRECOMSU 4029357733 AUS", 
   "split_parent": null, 
   "reportable": true, 
   "amount": "-223.73", 
   "user": 1, 
   "created_date": "2011-09-11 00:47:21", 
   "date": "2011-07-25"
  }
 }, 
 {
  "pk": 238, 
  "model": "transactions.transaction", 
  "fields": {
   "category": null, 
   "modified_date": "2011-09-11 00:47:21", 
   "account": 4, 
   "description": "GRILLD PTY LTD HAWTHORN AUS", 
   "split_parent": null, 
   "reportable": true, 
   "amount": "-46.90", 
   "user": 1, 
   "created_date": "2011-09-11 00:47:21", 
   "date": "2011-07-22"
  }
 }, 
 {
  "pk": 239, 
  "model": "transactions.transaction", 
  "fields": {
   "category": null, 
   "modified_date": "2011-09-11 00:47:21", 
   "account": 4, 
   "description": "PAYPAL *GIGANEWSINC 4029357733 USA", 
   "split_parent": null, 
   "reportable": true, 
   "amount": "-29.12", 
   "user": 1, 
   "created_date": "2011-09-11 00:47:21", 
   "date": "2011-07-19"
  }
 }, 
 {
  "pk": 240, 
  "model": "transactions.transaction", 
  "fields": {
   "category": null, 
   "modified_date": "2011-09-11 00:47:21", 
   "account": 4, 
   "description": "IKEA RICHMOND AUS", 
   "split_parent": null, 
   "reportable": true, 
   "amount": "-20.97", 
   "user": 1, 
   "created_date": "2011-09-11 00:47:21", 
   "date": "2011-07-19"
  }
 }, 
 {
  "pk": 241, 
  "model": "transactions.transaction", 
  "fields": {
   "category": null, 
   "modified_date": "2011-09-11 00:47:21", 
   "account": 4, 
   "description": "PAYMENT-BPAY-THANK YOU", 
   "split_parent": null, 
   "reportable": true, 
   "amount": "385.00", 
   "user": 1, 
   "created_date": "2011-09-11 00:47:21", 
   "date": "2011-07-18"
  }
 }, 
 {
  "pk": 242, 
  "model": "transactions.transaction", 
  "fields": {
   "category": null, 
   "modified_date": "2011-09-11 00:47:21", 
   "account": 4, 
   "description": "GRILLD PTY LTD HAWTHORN AUS", 
   "split_parent": null, 
   "reportable": true, 
   "amount": "-29.40", 
   "user": 1, 
   "created_date": "2011-09-11 00:47:21", 
   "date": "2011-07-08"
  }
 }, 
 {
  "pk": 243, 
  "model": "transactions.transaction", 
  "fields": {
   "category": null, 
   "modified_date": "2011-09-11 00:47:21", 
   "account": 4, 
   "description": "MODERN MEDICAL PTY L BALWYN AUS", 
   "split_parent": null, 
   "reportable": true, 
   "amount": "-70.00", 
   "user": 1, 
   "created_date": "2011-09-11 00:47:21", 
   "date": "2011-07-05"
  }
 }, 
 {
  "pk": 244, 
  "model": "transactions.transaction", 
  "fields": {
   "category": null, 
   "modified_date": "2011-09-11 00:47:21", 
   "account": 4, 
   "description": "LAGUNA ASIAN MARKET HAWTHORN AUS", 
   "split_parent": null, 
   "reportable": true, 
   "amount": "-18.12", 
   "user": 1, 
   "created_date": "2011-09-11 00:47:21", 
   "date": "2011-06-28"
  }
 }, 
 {
  "pk": 245, 
  "model": "transactions.transaction", 
  "fields": {
   "category": null, 
   "modified_date": "2011-09-11 00:47:21", 
   "account": 4, 
   "description": "JOE JURIC DENTAL PRAC KEW AUS", 
   "split_parent": null, 
   "reportable": true, 
   "amount": "-235.80", 
   "user": 1, 
   "created_date": "2011-09-11 00:47:21", 
   "date": "2011-06-24"
  }
 }, 
 {
  "pk": 246, 
  "model": "transactions.transaction", 
  "fields": {
   "category": null, 
   "modified_date": "2011-09-11 00:47:21", 
   "account": 4, 
   "description": "PAYPAL *GIGANEWSINC 4029357733 USA", 
   "split_parent": null, 
   "reportable": true, 
   "amount": "-29.00", 
   "user": 1, 
   "created_date": "2011-09-11 00:47:21", 
   "date": "2011-06-20"
  }
 }, 
 {
  "pk": 247, 
  "model": "transactions.transaction", 
  "fields": {
   "category": null, 
   "modified_date": "2011-09-11 00:47:21", 
   "account": 4, 
   "description": "PAYMENT-BPAY-THANK YOU", 
   "split_parent": null, 
   "reportable": true, 
   "amount": "328.00", 
   "user": 1, 
   "created_date": "2011-09-11 00:47:21", 
   "date": "2011-06-16"
  }
 }, 
 {
  "pk": 248, 
  "model": "transactions.transaction", 
  "fields": {
   "category": null, 
   "modified_date": "2011-09-11 00:47:22", 
   "account": 4, 
   "description": "Montalto Vineyard & Ol Red Hill Sout AUS", 
   "split_parent": null, 
   "reportable": true, 
   "amount": "-51.00", 
   "user": 1, 
   "created_date": "2011-09-11 00:47:22", 
   "date": "2011-06-14"
  }
 }, 
 {
  "pk": 249, 
  "model": "transactions.transaction", 
  "fields": {
   "category": null, 
   "modified_date": "2011-09-11 00:47:22", 
   "account": 4, 
   "description": "SILVERTOP VIC 131008 DARLINGHURST AUS", 
   "split_parent": null, 
   "reportable": true, 
   "amount": "-82.36", 
   "user": 1, 
   "created_date": "2011-09-11 00:47:22", 
   "date": "2011-06-14"
  }
 }, 
 {
  "pk": 250, 
  "model": "transactions.transaction", 
  "fields": {
   "category": null, 
   "modified_date": "2011-09-11 00:47:22", 
   "account": 4, 
   "description": "LIVE TAXIEPAY WEST MELBOURN AUS", 
   "split_parent": null, 
   "reportable": true, 
   "amount": "-81.59", 
   "user": 1, 
   "created_date": "2011-09-11 00:47:22", 
   "date": "2011-06-07"
  }
 }, 
 {
  "pk": 251, 
  "model": "transactions.transaction", 
  "fields": {
   "category": null, 
   "modified_date": "2011-09-11 00:47:22", 
   "account": 4, 
   "description": "BAR 9T4 RICHMOND AUS", 
   "split_parent": null, 
   "reportable": true, 
   "amount": "-23.50", 
   "user": 1, 
   "created_date": "2011-09-11 00:47:22", 
   "date": "2011-05-31"
  }
 }, 
 {
  "pk": 252, 
  "model": "transactions.transaction", 
  "fields": {
   "category": null, 
   "modified_date": "2011-09-11 00:47:22", 
   "account": 4, 
   "description": "AXIL COFFEE ROASTERS HAWTHORN AUS", 
   "split_parent": null, 
   "reportable": true, 
   "amount": "-41.00", 
   "user": 1, 
   "created_date": "2011-09-11 00:47:22", 
   "date": "2011-05-31"
  }
 }, 
 {
  "pk": 253, 
  "model": "transactions.transaction", 
  "fields": {
   "category": null, 
   "modified_date": "2011-09-11 00:47:22", 
   "account": 4, 
   "description": "CLUB HAWTHORN INCORP HAWTHORN AUS", 
   "split_parent": null, 
   "reportable": true, 
   "amount": "-60.00", 
   "user": 1, 
   "created_date": "2011-09-11 00:47:22", 
   "date": "2011-05-24"
  }
 }, 
 {
  "pk": 254, 
  "model": "transactions.transaction", 
  "fields": {
   "category": null, 
   "modified_date": "2011-09-11 00:47:22", 
   "account": 4, 
   "description": "PAYPAL *GIGANEWSINC 4029357733 USA", 
   "split_parent": null, 
   "reportable": true, 
   "amount": "-29.01", 
   "user": 1, 
   "created_date": "2011-09-11 00:47:22", 
   "date": "2011-05-19"
  }
 }, 
 {
  "pk": 255, 
  "model": "transactions.transaction", 
  "fields": {
   "category": null, 
   "modified_date": "2011-09-11 00:47:22", 
   "account": 4, 
   "description": "PAYMENT-BPAY-THANK YOU", 
   "split_parent": null, 
   "reportable": true, 
   "amount": "1350.00", 
   "user": 1, 
   "created_date": "2011-09-11 00:47:22", 
   "date": "2011-05-16"
  }
 }, 
 {
  "pk": 256, 
  "model": "transactions.transaction", 
  "fields": {
   "category": null, 
   "modified_date": "2011-09-11 00:47:22", 
   "account": 4, 
   "description": "PAYPAL *SUPERDOMAIN 4029357733 AUS", 
   "split_parent": null, 
   "reportable": true, 
   "amount": "-14.90", 
   "user": 1, 
   "created_date": "2011-09-11 00:47:22", 
   "date": "2011-05-12"
  }
 }, 
 {
  "pk": 257, 
  "model": "transactions.transaction", 
  "fields": {
   "category": null, 
   "modified_date": "2011-09-11 00:47:22", 
   "account": 4, 
   "description": "JB HI FI CAMBERWELL AUS", 
   "split_parent": null, 
   "reportable": true, 
   "amount": "-547.00", 
   "user": 1, 
   "created_date": "2011-09-11 00:47:22", 
   "date": "2011-05-10"
  }
 }, 
 {
  "pk": 258, 
  "model": "transactions.transaction", 
  "fields": {
   "category": null, 
   "modified_date": "2011-09-11 00:47:22", 
   "account": 4, 
   "description": "GRILLD PTY LTD HAWTHORN AUS", 
   "split_parent": null, 
   "reportable": true, 
   "amount": "-27.80", 
   "user": 1, 
   "created_date": "2011-09-11 00:47:22", 
   "date": "2011-05-09"
  }
 }, 
 {
  "pk": 259, 
  "model": "transactions.transaction", 
  "fields": {
   "category": null, 
   "modified_date": "2011-09-11 00:47:22", 
   "account": 4, 
   "description": "PAYPAL *DNREGISTRAR 4029357733 USA", 
   "split_parent": null, 
   "reportable": true, 
   "amount": "-30.50", 
   "user": 1, 
   "created_date": "2011-09-11 00:47:22", 
   "date": "2011-03-28"
  }
 }, 
 {
  "pk": 260, 
  "model": "transactions.transaction", 
  "fields": {
   "category": null, 
   "modified_date": "2011-09-11 00:47:22", 
   "account": 4, 
   "description": "GOLDENKEYIHS*MEMBERSHP 61-2-95191696 GBR", 
   "split_parent": null, 
   "reportable": true, 
   "amount": "-95.00", 
   "user": 1, 
   "created_date": "2011-09-11 00:47:22", 
   "date": "2011-04-04"
  }
 }, 
 {
  "pk": 261, 
  "model": "transactions.transaction", 
  "fields": {
   "category": null, 
   "modified_date": "2011-09-11 00:47:22", 
   "account": 4, 
   "description": "TYRES 4 U PTY LTD MULGRAVE AUS", 
   "split_parent": null, 
   "reportable": true, 
   "amount": "-30.00", 
   "user": 1, 
   "created_date": "2011-09-11 00:47:22", 
   "date": "2011-04-05"
  }
 }, 
 {
  "pk": 262, 
  "model": "transactions.transaction", 
  "fields": {
   "category": null, 
   "modified_date": "2011-09-11 00:47:22", 
   "account": 4, 
   "description": "PAYPAL *MICROSIM 35314369001 AUT", 
   "split_parent": null, 
   "reportable": true, 
   "amount": "-7.02", 
   "user": 1, 
   "created_date": "2011-09-11 00:47:22", 
   "date": "2011-04-11"
  }
 }, 
 {
  "pk": 263, 
  "model": "transactions.transaction", 
  "fields": {
   "category": null, 
   "modified_date": "2011-09-11 00:47:22", 
   "account": 4, 
   "description": "LAWRENCIA CYCLES PL HAWTHORN AUS", 
   "split_parent": null, 
   "reportable": true, 
   "amount": "-59.90", 
   "user": 1, 
   "created_date": "2011-09-11 00:47:22", 
   "date": "2011-04-11"
  }
 }, 
 {
  "pk": 264, 
  "model": "transactions.transaction", 
  "fields": {
   "category": null, 
   "modified_date": "2011-09-11 00:47:22", 
   "account": 4, 
   "description": "PAYMENT-BPAY-THANK YOU", 
   "split_parent": null, 
   "reportable": true, 
   "amount": "250.00", 
   "user": 1, 
   "created_date": "2011-09-11 00:47:22", 
   "date": "2011-04-15"
  }
 }, 
 {
  "pk": 265, 
  "model": "transactions.transaction", 
  "fields": {
   "category": null, 
   "modified_date": "2011-09-11 00:47:22", 
   "account": 4, 
   "description": "PAYPAL *GSM NATION 4029357733 USA", 
   "split_parent": null, 
   "reportable": true, 
   "amount": "-619.23", 
   "user": 1, 
   "created_date": "2011-09-11 00:47:22", 
   "date": "2011-04-18"
  }
 }, 
 {
  "pk": 266, 
  "model": "transactions.transaction", 
  "fields": {
   "category": null, 
   "modified_date": "2011-09-11 00:47:22", 
   "account": 4, 
   "description": "S/ARMY SALVOS STORES CAMBERWELL AUS", 
   "split_parent": null, 
   "reportable": true, 
   "amount": "-42.96", 
   "user": 1, 
   "created_date": "2011-09-11 00:47:22", 
   "date": "2011-04-18"
  }
 }, 
 {
  "pk": 267, 
  "model": "transactions.transaction", 
  "fields": {
   "category": null, 
   "modified_date": "2011-09-11 00:47:22", 
   "account": 4, 
   "description": "PAYPAL *GIGANEWSINC 4029357733 USA", 
   "split_parent": null, 
   "reportable": true, 
   "amount": "-29.35", 
   "user": 1, 
   "created_date": "2011-09-11 00:47:22", 
   "date": "2011-04-19"
  }
 }, 
 {
  "pk": 268, 
  "model": "transactions.transaction", 
  "fields": {
   "category": null, 
   "modified_date": "2011-09-11 00:47:22", 
   "account": 4, 
   "description": "PAYPAL *GROOVESHARK 4029357733 USA", 
   "split_parent": null, 
   "reportable": true, 
   "amount": "-19.57", 
   "user": 1, 
   "created_date": "2011-09-11 00:47:22", 
   "date": "2011-04-20"
  }
 }, 
 {
  "pk": 269, 
  "model": "transactions.transaction", 
  "fields": {
   "category": null, 
   "modified_date": "2011-09-11 00:47:22", 
   "account": 4, 
   "description": "NOODLE BOX HAWTHORN HAWTHORN AUS", 
   "split_parent": null, 
   "reportable": true, 
   "amount": "-12.95", 
   "user": 1, 
   "created_date": "2011-09-11 00:47:22", 
   "date": "2011-05-03"
  }
 }, 
 {
  "pk": 270, 
  "model": "transactions.transaction", 
  "fields": {
   "category": null, 
   "modified_date": "2011-09-11 00:49:20", 
   "account": 1, 
   "description": "asasds", 
   "split_parent": null, 
   "reportable": true, 
   "amount": "12.00", 
   "user": 1, 
   "created_date": "2011-09-11 00:49:20", 
   "date": "2011-02-09"
  }
 }, 
 {
  "pk": 273, 
  "model": "transactions.transaction", 
  "fields": {
   "category": null, 
   "modified_date": "2011-09-11 03:05:19", 
   "account": 1, 
   "description": "should not be first", 
   "split_parent": null, 
   "reportable": true, 
   "amount": "12.00", 
   "user": 1, 
   "created_date": "2011-09-11 03:05:19", 
   "date": "2011-09-01"
  }
 }, 
 {
  "pk": 1, 
  "model": "transimport.dateformat", 
  "fields": {
   "human_readable": "DD/MM/YY", 
   "expression": "%d/%m/%y"
  }
 }, 
 {
  "pk": 2, 
  "model": "transimport.dateformat", 
  "fields": {
   "human_readable": "DD/MM/YYYY", 
   "expression": "%d/%m/%Y"
  }
 }, 
 {
  "pk": 3, 
  "model": "transimport.dateformat", 
  "fields": {
   "human_readable": "DD-MM-YY", 
   "expression": "%d-%m-%y"
  }
 }, 
 {
  "pk": 4, 
  "model": "transimport.dateformat", 
  "fields": {
   "human_readable": "DD-MM-YYYY", 
   "expression": "%d-%m-%y"
  }
 }, 
 {
  "pk": 5, 
  "model": "transimport.dateformat", 
  "fields": {
   "human_readable": "YYYY-MM-DD", 
   "expression": "%Y-%m-%d"
  }
 }, 
 {
  "pk": 3, 
  "model": "admin.logentry", 
  "fields": {
   "action_flag": 2, 
   "action_time": "2011-09-10 23:31:52", 
   "object_repr": "DD/MM/YY", 
   "object_id": "1", 
   "change_message": "No fields changed.", 
   "user": 1, 
   "content_type": 15
  }
 }, 
 {
  "pk": 2, 
  "model": "admin.logentry", 
  "fields": {
   "action_flag": 1, 
   "action_time": "2011-09-10 23:31:48", 
   "object_repr": "DD/MM/YY", 
   "object_id": "1", 
   "change_message": "", 
   "user": 1, 
   "content_type": 15
  }
 }, 
 {
  "pk": 1, 
  "model": "admin.logentry", 
  "fields": {
   "action_flag": 1, 
   "action_time": "2011-09-10 22:54:22", 
   "object_repr": "Credit Card", 
   "object_id": "1", 
   "change_message": "", 
   "user": 1, 
   "content_type": 8
  }
 }, 
 {
  "pk": 40, 
  "model": "auth.permission", 
  "fields": {
   "codename": "add_logentry", 
   "name": "Can add log entry", 
   "content_type": 14
  }
 }, 
 {
  "pk": 41, 
  "model": "auth.permission", 
  "fields": {
   "codename": "change_logentry", 
   "name": "Can change log entry", 
   "content_type": 14
  }
 }, 
 {
  "pk": 42, 
  "model": "auth.permission", 
  "fields": {
   "codename": "delete_logentry", 
   "name": "Can delete log entry", 
   "content_type": 14
  }
 }, 
 {
  "pk": 4, 
  "model": "auth.permission", 
  "fields": {
   "codename": "add_group", 
   "name": "Can add group", 
   "content_type": 2
  }
 }, 
 {
  "pk": 5, 
  "model": "auth.permission", 
  "fields": {
   "codename": "change_group", 
   "name": "Can change group", 
   "content_type": 2
  }
 }, 
 {
  "pk": 6, 
  "model": "auth.permission", 
  "fields": {
   "codename": "delete_group", 
   "name": "Can delete group", 
   "content_type": 2
  }
 }, 
 {
  "pk": 10, 
  "model": "auth.permission", 
  "fields": {
   "codename": "add_message", 
   "name": "Can add message", 
   "content_type": 4
  }
 }, 
 {
  "pk": 11, 
  "model": "auth.permission", 
  "fields": {
   "codename": "change_message", 
   "name": "Can change message", 
   "content_type": 4
  }
 }, 
 {
  "pk": 12, 
  "model": "auth.permission", 
  "fields": {
   "codename": "delete_message", 
   "name": "Can delete message", 
   "content_type": 4
  }
 }, 
 {
  "pk": 1, 
  "model": "auth.permission", 
  "fields": {
   "codename": "add_permission", 
   "name": "Can add permission", 
   "content_type": 1
  }
 }, 
 {
  "pk": 2, 
  "model": "auth.permission", 
  "fields": {
   "codename": "change_permission", 
   "name": "Can change permission", 
   "content_type": 1
  }
 }, 
 {
  "pk": 3, 
  "model": "auth.permission", 
  "fields": {
   "codename": "delete_permission", 
   "name": "Can delete permission", 
   "content_type": 1
  }
 }, 
 {
  "pk": 7, 
  "model": "auth.permission", 
  "fields": {
   "codename": "add_user", 
   "name": "Can add user", 
   "content_type": 3
  }
 }, 
 {
  "pk": 8, 
  "model": "auth.permission", 
  "fields": {
   "codename": "change_user", 
   "name": "Can change user", 
   "content_type": 3
  }
 }, 
 {
  "pk": 9, 
  "model": "auth.permission", 
  "fields": {
   "codename": "delete_user", 
   "name": "Can delete user", 
   "content_type": 3
  }
 }, 
 {
  "pk": 46, 
  "model": "auth.permission", 
  "fields": {
   "codename": "add_budget", 
   "name": "Can add budget", 
   "content_type": 16
  }
 }, 
 {
  "pk": 47, 
  "model": "auth.permission", 
  "fields": {
   "codename": "change_budget", 
   "name": "Can change budget", 
   "content_type": 16
  }
 }, 
 {
  "pk": 48, 
  "model": "auth.permission", 
  "fields": {
   "codename": "delete_budget", 
   "name": "Can delete budget", 
   "content_type": 16
  }
 }, 
 {
  "pk": 49, 
  "model": "auth.permission", 
  "fields": {
   "codename": "add_budgetitem", 
   "name": "Can add budget item", 
   "content_type": 17
  }
 }, 
 {
  "pk": 50, 
  "model": "auth.permission", 
  "fields": {
   "codename": "change_budgetitem", 
   "name": "Can change budget item", 
   "content_type": 17
  }
 }, 
 {
  "pk": 51, 
  "model": "auth.permission", 
  "fields": {
   "codename": "delete_budgetitem", 
   "name": "Can delete budget item", 
   "content_type": 17
  }
 }, 
 {
  "pk": 13, 
  "model": "auth.permission", 
  "fields": {
   "codename": "add_contenttype", 
   "name": "Can add content type", 
   "content_type": 5
  }
 }, 
 {
  "pk": 14, 
  "model": "auth.permission", 
  "fields": {
   "codename": "change_contenttype", 
   "name": "Can change content type", 
   "content_type": 5
  }
 }, 
 {
  "pk": 15, 
  "model": "auth.permission", 
  "fields": {
   "codename": "delete_contenttype", 
   "name": "Can delete content type", 
   "content_type": 5
  }
 }, 
 {
  "pk": 16, 
  "model": "auth.permission", 
  "fields": {
   "codename": "add_session", 
   "name": "Can add session", 
   "content_type": 6
  }
 }, 
 {
  "pk": 17, 
  "model": "auth.permission", 
  "fields": {
   "codename": "change_session", 
   "name": "Can change session", 
   "content_type": 6
  }
 }, 
 {
  "pk": 18, 
  "model": "auth.permission", 
  "fields": {
   "codename": "delete_session", 
   "name": "Can delete session", 
   "content_type": 6
  }
 }, 
 {
  "pk": 19, 
  "model": "auth.permission", 
  "fields": {
   "codename": "add_site", 
   "name": "Can add site", 
   "content_type": 7
  }
 }, 
 {
  "pk": 20, 
  "model": "auth.permission", 
  "fields": {
   "codename": "change_site", 
   "name": "Can change site", 
   "content_type": 7
  }
 }, 
 {
  "pk": 21, 
  "model": "auth.permission", 
  "fields": {
   "codename": "delete_site", 
   "name": "Can delete site", 
   "content_type": 7
  }
 }, 
 {
  "pk": 25, 
  "model": "auth.permission", 
  "fields": {
   "codename": "add_account", 
   "name": "Can add account", 
   "content_type": 9
  }
 }, 
 {
  "pk": 26, 
  "model": "auth.permission", 
  "fields": {
   "codename": "change_account", 
   "name": "Can change account", 
   "content_type": 9
  }
 }, 
 {
  "pk": 27, 
  "model": "auth.permission", 
  "fields": {
   "codename": "delete_account", 
   "name": "Can delete account", 
   "content_type": 9
  }
 }, 
 {
  "pk": 22, 
  "model": "auth.permission", 
  "fields": {
   "codename": "add_accounttype", 
   "name": "Can add account type", 
   "content_type": 8
  }
 }, 
 {
  "pk": 23, 
  "model": "auth.permission", 
  "fields": {
   "codename": "change_accounttype", 
   "name": "Can change account type", 
   "content_type": 8
  }
 }, 
 {
  "pk": 24, 
  "model": "auth.permission", 
  "fields": {
   "codename": "delete_accounttype", 
   "name": "Can delete account type", 
   "content_type": 8
  }
 }, 
 {
  "pk": 28, 
  "model": "auth.permission", 
  "fields": {
   "codename": "add_category", 
   "name": "Can add category", 
   "content_type": 10
  }
 }, 
 {
  "pk": 29, 
  "model": "auth.permission", 
  "fields": {
   "codename": "change_category", 
   "name": "Can change category", 
   "content_type": 10
  }
 }, 
 {
  "pk": 30, 
  "model": "auth.permission", 
  "fields": {
   "codename": "delete_category", 
   "name": "Can delete category", 
   "content_type": 10
  }
 }, 
 {
  "pk": 31, 
  "model": "auth.permission", 
  "fields": {
   "codename": "add_transaction", 
   "name": "Can add transaction", 
   "content_type": 11
  }
 }, 
 {
  "pk": 32, 
  "model": "auth.permission", 
  "fields": {
   "codename": "change_transaction", 
   "name": "Can change transaction", 
   "content_type": 11
  }
 }, 
 {
  "pk": 33, 
  "model": "auth.permission", 
  "fields": {
   "codename": "delete_transaction", 
   "name": "Can delete transaction", 
   "content_type": 11
  }
 }, 
 {
  "pk": 43, 
  "model": "auth.permission", 
  "fields": {
   "codename": "add_dateformat", 
   "name": "Can add date format", 
   "content_type": 15
  }
 }, 
 {
  "pk": 44, 
  "model": "auth.permission", 
  "fields": {
   "codename": "change_dateformat", 
   "name": "Can change date format", 
   "content_type": 15
  }
 }, 
 {
  "pk": 45, 
  "model": "auth.permission", 
  "fields": {
   "codename": "delete_dateformat", 
   "name": "Can delete date format", 
   "content_type": 15
  }
 }, 
 {
  "pk": 34, 
  "model": "auth.permission", 
  "fields": {
   "codename": "add_transimport", 
   "name": "Can add trans import", 
   "content_type": 12
  }
 }, 
 {
  "pk": 35, 
  "model": "auth.permission", 
  "fields": {
   "codename": "change_transimport", 
   "name": "Can change trans import", 
   "content_type": 12
  }
 }, 
 {
  "pk": 36, 
  "model": "auth.permission", 
  "fields": {
   "codename": "delete_transimport", 
   "name": "Can delete trans import", 
   "content_type": 12
  }
 }, 
 {
  "pk": 37, 
  "model": "auth.permission", 
  "fields": {
   "codename": "add_transstaging", 
   "name": "Can add trans staging", 
   "content_type": 13
  }
 }, 
 {
  "pk": 38, 
  "model": "auth.permission", 
  "fields": {
   "codename": "change_transstaging", 
   "name": "Can change trans staging", 
   "content_type": 13
  }
 }, 
 {
  "pk": 39, 
  "model": "auth.permission", 
  "fields": {
   "codename": "delete_transstaging", 
   "name": "Can delete trans staging", 
   "content_type": 13
  }
 }, 
 {
  "pk": 1, 
  "model": "auth.user", 
  "fields": {
   "username": "paul", 
   "first_name": "", 
   "last_name": "", 
   "is_active": true, 
   "is_superuser": true, 
   "is_staff": true, 
   "last_login": "2011-09-10 22:54:13", 
   "groups": [], 
   "user_permissions": [], 
   "password": "sha1$ada3d$0bb10e461d60df2b6b1bc9ac3efce2692b8b8120", 
   "email": "p@p.co", 
   "date_joined": "2011-09-10 22:53:54"
  }
 }, 
 {
  "pk": 2, 
  "model": "auth.user", 
  "fields": {
   "username": "other", 
   "first_name": "", 
   "last_name": "", 
   "is_active": true, 
   "is_superuser": true, 
   "is_staff": true, 
   "last_login": "2011-09-10 22:54:13", 
   "groups": [], 
   "user_permissions": [], 
   "password": "sha1$ada3d$0bb10e461d60df2b6b1bc9ac3efce2692b8b8120", 
   "email": "o@o.co", 
   "date_joined": "2011-09-10 22:53:54"
  }
 }
]